정류소ID,정류소명,위도,경도,할당_승차,할당_하차,할당_환승,평균거리_km,할당_총수요
SJB293064220,세종고속시외버스터미널(지하),36.4708162,127.2731717,0.0,0.0,0.0,0.0,0.0
SJB293053011,한솔동,36.48034,127.26243,0.0,0.0,0.0,0.0,0.0
SJB293053005,새롬동.나성동,36.48685,127.25785,0.0,0.0,0.0,0.0,0.0
SJB293054003,다정동,36.4939251,127.2563976,0.0,0.0,0.0,0.0,0.0
SJB293062006,정부세종청사남측,36.5008869,127.2596196,0.0,0.0,0.0,0.0,0.0
SJB293062011,정부세종청사북측,36.504176,127.2611617,0.0,0.0,0.0,0.0,0.0
SJB293056003,도담동,36.5140662,127.259188,0.0,0.0,0.0,0.0,0.0
SJB293064445,세종충남대학교병원,36.520517,127.259481,0.0,0.0,0.0,0.0,0.0
SJB293014014,해밀리,36.528653,127.2638902,0.0,0.0,0.0,0.0,0.0
SJB293014025,한별리,36.53377,127.27527,0.0,0.0,0.0,0.0,0.0
SJB293064420,누리리,36.533978,127.29214,0.0,0.0,0.0,0.0,0.0
SJB293064493,다솜리,36.5319645,127.3198216,0.0,0.0,0.0,0.0,0.0
SJB293064416,산학연클러스터,36.501718,127.328826,0.0,0.0,0.0,0.0,0.0
SJB293064418,집현리,36.498135,127.322785,0.0,0.0,0.0,0.0,0.0
SJB293064257,반곡동(수루배마을),36.497739,127.312279,0.0,0.0,0.0,0.0,0.0
SJB293064261,국책연구단지,36.492195,127.304331,0.0,0.0,0.0,0.0,0.0
SJB293064254,"법원.검찰청,경찰청",36.486842,127.301429,0.0,0.0,0.0,0.0,0.0
SJB293064214,소담동 새샘마을,36.4824576,127.2972683,0.0,0.0,0.0,0.0,0.0
SJB293064211,세종시청.교육청.시의회,36.478674,127.288769,0.0,0.0,0.0,0.0,0.0
SJB293064209,보람동.대평동,36.4756055,127.2816359,0.0,0.0,0.0,0.0,0.0
SJB293064251,대평동,36.472267,127.276406,0.0,0.0,0.0,0.0,0.0
SJB293064221,세종고속시외버스터미널(지하),36.4706404,127.273189,0.0,0.0,0.0,0.0,0.0
SJB293064252,대평동,36.472148,127.276445,1223793.0,1152462.0,89666.0,0.18488029379906512,2376255.0
SJB293064206,보람동.대평동,36.4749413,127.2807336,0.0,0.0,0.0,0.0,0.0
SJB293064210,세종시청.교육청.시의회,36.478356,127.288188,0.0,0.0,0.0,0.0,0.0
SJB293064216,소담동 새샘마을,36.4826387,127.2977367,1588231.0,1337015.0,115453.0,0.3034339117814563,2925246.0
SJB293064253,"법원.검찰청,경찰청",36.487095,127.301744,0.0,0.0,0.0,0.0,0.0
SJB293064255,국책연구단지,36.4913263,127.304,0.0,0.0,0.0,0.0,0.0
SJB293064258,반곡동(수루배마을),36.497535,127.310959,2161189.0,2042026.0,339524.0,0.15876618094311182,4203215.0
SJB293064419,집현리,36.497917,127.321985,0.0,0.0,0.0,0.0,0.0
SJB293064417,산학연클러스터,36.500789,127.328331,0.0,0.0,0.0,0.0,0.0
SJB293064492,다솜리,36.5317939,127.3202744,0.0,0.0,0.0,0.0,0.0
SJB293014058,누리리,36.5341,127.292158,0.0,0.0,0.0,0.0,0.0
SJB293014026,한별리,36.5341,127.27661,0.0,0.0,0.0,0.0,0.0
SJB293014017,해밀리,36.52963,127.26478,1249260.0,1167804.0,108292.0,0.573565671489161,2417064.0
SJB293064446,세종충남대학교병원,36.521617,127.259736,0.0,0.0,0.0,0.0,0.0
SJB293056002,도담동,36.51483,127.25896,0.0,0.0,0.0,0.0,0.0
SJB293062014,정부세종청사북측,36.5050692,127.2615051,0.0,0.0,0.0,0.0,0.0
SJB293062007,정부세종청사남측,36.50173,127.25991,0.0,0.0,0.0,0.0,0.0
SJB293062004,다정동,36.49491,127.25649,0.0,0.0,0.0,0.0,0.0
SJB293053004,새롬동.나성동,36.48771,127.25729,0.0,0.0,0.0,0.0,0.0
SJB293053009,한솔동,36.4810822,127.2617829,0.0,0.0,0.0,0.0,0.0
SJB293055002,세종고속시외버스터미널(지상),36.4693014,127.2740033,0.0,0.0,0.0,0.0,0.0
SJB293055001,세종고속시외버스터미널(지상),36.469265,127.2738136,0.0,0.0,0.0,0.0,0.0
SJB186004230,반석역,36.39142,127.31514,0.0,0.0,0.0,0.0,0.0
SJB274002060,오송역,36.61931,127.3286,0.0,0.0,0.0,0.0,0.0
SJB186004229,반석역,36.39155,127.31487,0.0,0.0,0.0,0.0,0.0
SJB293014016,해밀리,36.5296733,127.2646746,0.0,0.0,0.0,0.0,0.0
SJB293064448,세종충남대학교병원(후문),36.521691,127.259634,0.0,0.0,0.0,0.0,0.0
SJB293064051,세종충남대병원,36.5186505,127.2570215,0.0,0.0,0.0,0.0,0.0
SJB293064102,범지기마을10단지북측,36.5190968,127.2483697,0.0,0.0,0.0,0.0,0.0
SJB293064100,"범지기마을3,9단지",36.5190031,127.2445558,0.0,0.0,0.0,0.0,0.0
SJB293064471,아름제2중(가락마을20단지),36.5165801,127.2413696,0.0,0.0,0.0,0.0,0.0
SJB293064203,"고운뜰공원,대법원등기정보센터",36.5114233,127.2412918,0.0,0.0,0.0,0.0,0.0
SJB293064472,가락마을8단지.가재마을4단지,36.5076818,127.2411758,0.0,0.0,0.0,0.0,0.0
SJB293064473,"종촌초등학교(가락마을6, 7단지)",36.5034395,127.2408773,0.0,0.0,0.0,0.0,0.0
SJB293064145,다빛초등학교(가온마을3단지),36.4995152,127.2425474,0.0,0.0,0.0,0.0,0.0
SJB293063001,가재마을5단지.가온마을6단지,36.49915,127.24736,0.0,0.0,0.0,0.0,0.0
SJB293062002,어진중학교(가재마을9단지),36.4986553,127.2550362,0.0,0.0,0.0,0.0,0.0
SJB293054001,다정동(대성고등학교),36.4938571,127.2561857,0.0,0.0,0.0,0.0,0.0
SJB293053003,새롬동.나성동,36.4877395,127.2571293,0.0,0.0,0.0,0.0,0.0
SJB293053008,한솔동(첫마을),36.4811358,127.2615539,0.0,0.0,0.0,0.0,0.0
SJB293053010,한솔동(첫마을),36.4812897,127.2618716,0.0,0.0,0.0,0.0,0.0
SJB293053006,새롬동.나성동,36.4868848,127.2579693,2731401.0,2554732.0,639717.0,0.29638907643218204,5286133.0
SJB293053001,다정동(대성고등학교),36.4938489,127.2565765,0.0,0.0,0.0,0.0,0.0
SJB293062003,어진중학교(가재마을9단지),36.4989327,127.2549113,0.0,0.0,0.0,0.0,0.0
SJB293063002,가재마을5단지.가온마을6단지,36.4994482,127.2466099,0.0,0.0,0.0,0.0,0.0
SJB293064144,다빛초등학교(가재마을1단지),36.4997313,127.2424127,0.0,0.0,0.0,0.0,0.0
SJB293064474,종촌초등학교(가재마을3단지),36.5038057,127.2413842,0.0,0.0,0.0,0.0,0.0
SJB293064475,가락마을8단지.가재마을4단지,36.5076286,127.2416171,0.0,0.0,0.0,0.0,0.0
SJB293064204,"고운뜰공원,대법원등기정보센터",36.511388,127.241627,0.0,0.0,0.0,0.0,0.0
SJB293064476,아름제2중(가락마을20단지),36.5166984,127.2418662,0.0,0.0,0.0,0.0,0.0
SJB293064099,"범지기마을3,9단지",36.518782,127.2444672,0.0,0.0,0.0,0.0,0.0
SJB293064101,범지기마을10단지북측,36.5189898,127.2489006,0.0,0.0,0.0,0.0,0.0
SJB293064052,세종충남대병원,36.5187208,127.2561613,0.0,0.0,0.0,0.0,0.0
SJB293064447,세종충남대학교병원(후문),36.520501,127.259685,0.0,0.0,0.0,0.0,0.0
SJB293014015,해밀리,36.5285405,127.2639687,0.0,0.0,0.0,0.0,0.0
SJB293055058,세종고속시외버스터미널,36.4689905,127.2735878,0.0,0.0,0.0,0.0,0.0
SJB293064010,첫마을3단지,36.47821,127.26117,0.0,0.0,0.0,0.0,0.0
SJB293064007,한솔중학교(첫마을7단지),36.47538,127.25558,0.0,0.0,0.0,0.0,0.0
SJB293064005,첫마을6단지,36.47542,127.25308,0.0,0.0,0.0,0.0,0.0
SJB293064002,첫마을5단지,36.4777,127.25004,0.0,0.0,0.0,0.0,0.0
SJB293064004,첫마을4단지,36.47998,127.25203,3344764.0,2910936.0,876762.0,0.2558109815680455,6255700.0
SJB293064241,"새뜸마을5,8단지",36.4825015,127.2535174,0.0,0.0,0.0,0.0,0.0
SJB293064239,새롬동커뮤니티센터,36.4858496,127.2508553,0.0,0.0,0.0,0.0,0.0
SJB293064430,"새뜸마을7,10단지",36.48844,127.250695,0.0,0.0,0.0,0.0,0.0
SJB293064237,"가온마을4,7단지",36.4912295,127.2498109,0.0,0.0,0.0,0.0,0.0
SJB293064263,다정동커뮤니티센터,36.495506,127.249035,0.0,0.0,0.0,0.0,0.0
SJB293064307,"가온마을6,9단지",36.4986116,127.2491786,0.0,0.0,0.0,0.0,0.0
SJB293064138,"가재마을5,8단지",36.5004747,127.2498627,0.0,0.0,0.0,0.0,0.0
SJB293064151,가재마을11단지,36.5043789,127.2501706,0.0,0.0,0.0,0.0,0.0
SJB293061004,범지기마을4단지,36.5083875,127.2499679,0.0,0.0,0.0,0.0,0.0
SJB293064054,"범지기마을8,12단지",36.5125038,127.2504125,0.0,0.0,0.0,0.0,0.0
SJB293064055,아름초등학교,36.5153587,127.2511516,0.0,0.0,0.0,0.0,0.0
SJB293064056,범지기마을10단지,36.5185438,127.2524761,0.0,0.0,0.0,0.0,0.0
SJB293064098,가락마을22단지,36.5201811,127.2411119,0.0,0.0,0.0,0.0,0.0
SJB293064141,고운동커뮤니티센터북측,36.5202479,127.2366049,0.0,0.0,0.0,0.0,0.0
SJB293064113,"가락마을17,18단지",36.5198521,127.2349532,0.0,0.0,0.0,0.0,0.0
SJB293064115,두루고등학교,36.5173734,127.2311308,0.0,0.0,0.0,0.0,0.0
SJB293064117,"가락마을10,13단지",36.5134794,127.2293797,0.0,0.0,0.0,0.0,0.0
SJB293064120,"가락마을9,11단지",36.5105636,127.2296299,0.0,0.0,0.0,0.0,0.0
SJB293064122,으뜸초등학교,36.5070383,127.231468,0.0,0.0,0.0,0.0,0.0
SJB293064124,고운동커뮤니티센터남측,36.5043276,127.2347772,0.0,0.0,0.0,0.0,0.0
SJB293064413,고운동(만남로),36.500435,127.235985,0.0,0.0,0.0,0.0,0.0
SJB293064012,봉안리(다름고개),36.4992393,127.2290775,0.0,0.0,0.0,0.0,0.0
SJB293017059,봉안리,36.49892,127.22398,0.0,0.0,0.0,0.0,0.0
SJB293010007,봉안리,36.49935893,127.2190046,0.0,0.0,0.0,0.0,0.0
SJB293017049,봉안리(부일가든),36.50061,127.21556,0.0,0.0,0.0,0.0,0.0
SJB293017043,대교리,36.50109,127.21121,0.0,0.0,0.0,0.0,0.0
SJB293064173,장군면복지회관,36.4991636,127.2080709,0.0,0.0,0.0,0.0,0.0
SJB293017024,장군면사무소,36.49714,127.20531,0.0,0.0,0.0,0.0,0.0
SJB293064428,장기중학교후문,36.495592,127.203518,0.0,0.0,0.0,0.0,0.0
SJB293064429,장기중학교후문,36.495617,127.203627,0.0,0.0,0.0,0.0,0.0
SJB293017023,장군면사무소,36.49684,127.20511,0.0,0.0,0.0,0.0,0.0
SJB293064174,장군면복지회관,36.4990494,127.2081953,0.0,0.0,0.0,0.0,0.0
SJB293017039,대교리,36.50069,127.21053,0.0,0.0,0.0,0.0,0.0
SJB293017054,봉안리(부일가든),36.50016,127.21592,0.0,0.0,0.0,0.0,0.0
SJB293010008,봉안리,36.49926399,127.2190617,0.0,0.0,0.0,0.0,0.0
SJB293017064,봉안리,36.4990546,127.2213088,0.0,0.0,0.0,0.0,0.0
SJB293011001,봉안리(다름고개),36.4990185,127.2291006,0.0,0.0,0.0,0.0,0.0
SJB293064412,고운동(만남로),36.501134,127.236316,0.0,0.0,0.0,0.0,0.0
SJB293064123,고운동커뮤니티센터남측,36.5042791,127.2352687,0.0,0.0,0.0,0.0,0.0
SJB293064121,으뜸초등학교,36.5071605,127.2317021,0.0,0.0,0.0,0.0,0.0
SJB293064119,"가락마을9,11단지",36.5106813,127.229892,0.0,0.0,0.0,0.0,0.0
SJB293064118,"가락마을10,13단지",36.513498,127.2296588,0.0,0.0,0.0,0.0,0.0
SJB293064116,두루고등학교,36.5172342,127.2313602,0.0,0.0,0.0,0.0,0.0
SJB293064114,"가락마을17,18단지",36.5195996,127.2349373,0.0,0.0,0.0,0.0,0.0
SJB293064140,고운동커뮤니티센터북측,36.5200092,127.2366895,0.0,0.0,0.0,0.0,0.0
SJB293064097,가락마을22단지,36.5200447,127.2405762,0.0,0.0,0.0,0.0,0.0
SJB293061007,범지기마을10단지,36.51879,127.25226,0.0,0.0,0.0,0.0,0.0
SJB293061006,아름초등학교,36.5147,127.25062,366417.0,328712.0,26058.0,0.19347586389582017,695129.0
SJB293061005,"범지기마을6,11단지",36.51045,127.2498,0.0,0.0,0.0,0.0,0.0
SJB293056035,"가재마을7,12단지",36.50648333,127.2496233,0.0,0.0,0.0,0.0,0.0
SJB293064139,"가재마을5,8단지",36.5009207,127.2497831,0.0,0.0,0.0,0.0,0.0
SJB293064262,"가온마을6,9단지",36.498607,127.24896,0.0,0.0,0.0,0.0,0.0
SJB293064264,다정동커뮤니티센터,36.494341,127.248799,0.0,0.0,0.0,0.0,0.0
SJB293064370,"가온마을4,7단지",36.4915533,127.2494805,0.0,0.0,0.0,0.0,0.0
SJB293064238,"새뜸마을7,10단지",36.4898819,127.2499045,0.0,0.0,0.0,0.0,0.0
SJB293064240,새롬동커뮤니티센터,36.4851331,127.2509413,412625.0,353171.0,59567.0,0.04669905384002293,765796.0
SJB293064242,"새뜸마을5,8단지",36.4823928,127.2532777,0.0,0.0,0.0,0.0,0.0
SJB293064003,첫마을4단지,36.48019,127.2516,0.0,0.0,0.0,0.0,0.0
SJB293064001,첫마을5단지,36.47762,127.24973,0.0,0.0,0.0,0.0,0.0
SJB293064006,첫마을6단지,36.47503,127.25326,0.0,0.0,0.0,0.0,0.0
SJB293064008,한솔중학교(첫마을7단지),36.47491,127.2557,0.0,0.0,0.0,0.0,0.0
SJB293064011,첫마을3단지,36.478,127.26135,0.0,0.0,0.0,0.0,0.0
SJB293055059,세종고속시외버스터미널,36.46881,127.2735046,0.0,0.0,0.0,0.0,0.0
SJB293053007,첫마을1단지,36.48385,127.2592,0.0,0.0,0.0,0.0,0.0
SJB293064358,새롬중학교(새뜸마을1단지),36.4804553,127.249332,0.0,0.0,0.0,0.0,0.0
SJB293064388,"새뜸마을1,2단지",36.4828783,127.2461704,0.0,0.0,0.0,0.0,0.0
SJB293064312,"가득초등학교(새뜸마을3,4단지)",36.4854282,127.2455481,0.0,0.0,0.0,0.0,0.0
SJB293064360,새뜸마을4단지(가온마을1단지),36.4894565,127.2448371,0.0,0.0,0.0,0.0,0.0
SJB293064352,가락마을6단지,36.502547,127.238868,0.0,0.0,0.0,0.0,0.0
SJB293052002,은하수공원,36.532563,127.243964,0.0,0.0,0.0,0.0,0.0
SJB293052001,은하수공원,36.53181,127.244421,0.0,0.0,0.0,0.0,0.0
SJB293064354,가락마을6단지,36.5024695,127.2384071,0.0,0.0,0.0,0.0,0.0
SJB293064361,새뜸마을4단지(가온마을1단지),36.4895961,127.2447697,0.0,0.0,0.0,0.0,0.0
SJB293064313,"가득초등학교(새뜸마을3,4단지)",36.4853374,127.2452246,0.0,0.0,0.0,0.0,0.0
SJB293064389,"새뜸마을1,2단지",36.4828552,127.2459137,0.0,0.0,0.0,0.0,0.0
SJB293064359,새롬중학교(새뜸마을1단지),36.4802617,127.2494164,0.0,0.0,0.0,0.0,0.0
SJB293064009,첫마을1단지,36.48334,127.25863,0.0,0.0,0.0,0.0,0.0
SJB293064393,보건복지부 고용노동부,36.5024356,127.2609046,0.0,0.0,0.0,0.0,0.0
SJB293062012,정부세종청사북측,36.5048938,127.2616877,0.0,0.0,0.0,0.0,0.0
SJB293056005,인사혁신처,36.5091666,127.2615149,0.0,0.0,0.0,0.0,0.0
SJB293064110,"도램마을8,10단지",36.5119177,127.2600021,0.0,0.0,0.0,0.0,0.0
SJB293056004,도담동(도램마을),36.514017,127.2593948,0.0,0.0,0.0,0.0,0.0
SJB293064030,"종촌초등학교(가재마을1,2단지)",36.5018836,127.2425854,0.0,0.0,0.0,0.0,0.0
SJB293064031,종촌종합복지센터,36.5019154,127.246929,0.0,0.0,0.0,0.0,0.0
SJB293062009,과기정통부(중기부),36.49753,127.26038,0.0,0.0,0.0,0.0,0.0
SJB293062017,문화체육관광부,36.49815,127.2644,0.0,0.0,0.0,0.0,0.0
SJB293062010,과기정통부(중기부),36.49776,127.2605,0.0,0.0,0.0,0.0,0.0
SJB293064026,종촌종합복지센터,36.5022184,127.2474138,1290768.0,1071619.0,184636.0,0.15405143232126556,2362387.0
SJB293064027,"종촌초등학교(가재마을1,2단지)",36.5020819,127.2425959,0.0,0.0,0.0,0.0,0.0
SJB293056001,도담동(도램마을),36.5149714,127.2587943,0.0,0.0,0.0,0.0,0.0
SJB293064109,"도램마을8,10단지",36.5121149,127.2594431,0.0,0.0,0.0,0.0,0.0
SJB293062015,인사혁신처,36.5079451,127.2615354,0.0,0.0,0.0,0.0,0.0
SJB293062013,정부세종청사북측,36.5051501,127.261382,0.0,0.0,0.0,0.0,0.0
SJB293062005,정부세종청사남측,36.5008322,127.2593406,0.0,0.0,0.0,0.0,0.0
SJB293062008,정부세종청사남측,36.5016046,127.2601032,0.0,0.0,0.0,0.0,0.0
SJB293064394,보건복지부 고용노동부,36.5022146,127.2608383,0.0,0.0,0.0,0.0,0.0
SJB293062018,문화체육관광부,36.49931,127.26472,0.0,0.0,0.0,0.0,0.0
SJB293064488,세종예술의전당,36.4874554,127.2646885,0.0,0.0,0.0,0.0,0.0
SJB293064347,세종예술고등학교,36.492095,127.269558,0.0,0.0,0.0,0.0,0.0
SJB293064065,충남대학교병원세종의원,36.4960299,127.2657345,0.0,0.0,0.0,0.0,0.0
SJB293064268,과학기술정보통신,36.496085,127.2630356,0.0,0.0,0.0,0.0,0.0
SJB293064349,나릿재마을,36.4914044,127.2581439,0.0,0.0,0.0,0.0,0.0
SJB293064368,새뜸마을14단지,36.4911744,127.2558346,0.0,0.0,0.0,0.0,0.0
SJB293064366,다정중학교(가온마을4단지),36.4937133,127.2477261,0.0,0.0,0.0,0.0,0.0
SJB293064372,다정고등학교(가온마을1단지),36.4929776,127.2430447,0.0,0.0,0.0,0.0,0.0
SJB293064374,"가온마을2,3단지",36.4960541,127.2420575,0.0,0.0,0.0,0.0,0.0
SJB293064376,한결초등학교,36.4958942,127.2473673,1326940.0,1222322.0,860344.0,0.1484531642072033,2549262.0
SJB293055069,도램마을20단지,36.517445,127.264615,0.0,0.0,0.0,0.0,0.0
SJB293056011,"도램마을16,19단지",36.51484,127.2660717,0.0,0.0,0.0,0.0,0.0
SJB293064073,"도램마을14,15단지",36.5108082,127.2669854,0.0,0.0,0.0,0.0,0.0
SJB293062024,"양지중학교(한뜰마을1,2단지)",36.50712,127.26767,0.0,0.0,0.0,0.0,0.0
SJB293062027,공정거래위원회,36.504461,127.267198,0.0,0.0,0.0,0.0,0.0
SJB293062019,제3주차장,36.50222,127.26608,0.0,0.0,0.0,0.0,0.0
SJB293064306,국립세종도서관정문,36.4991764,127.26764,0.0,0.0,0.0,0.0,0.0
SJB293064384,문화체육관광부,36.4967463,127.2664681,0.0,0.0,0.0,0.0,0.0
SJB293064348,세종예술고등학교,36.492706,127.268917,0.0,0.0,0.0,0.0,0.0
SJB293064489,세종예술의전당,36.4880312,127.2641006,0.0,0.0,0.0,0.0,0.0
SJB293064062,문화체육관광부,36.4966718,127.2666425,0.0,0.0,0.0,0.0,0.0
SJB293064063,국립세종도서관정문,36.4991217,127.2678021,0.0,0.0,0.0,0.0,0.0
SJB293062020,제3주차장,36.50168,127.26609,0.0,0.0,0.0,0.0,0.0
SJB293062021,공정거래위원회,36.50435,127.26735,0.0,0.0,0.0,0.0,0.0
SJB293064392,"한뜰마을1,2단지",36.506399,127.267947,0.0,0.0,0.0,0.0,0.0
SJB293056008,양지중학교,36.50843,127.26785,0.0,0.0,0.0,0.0,0.0
SJB293056007,"도램마을14,15단지",36.51233,127.2668,0.0,0.0,0.0,0.0,0.0
SJB293056010,"도램마을16,19단지",36.51532,127.2659733,0.0,0.0,0.0,0.0,0.0
SJB293064108,도램마을20단지,36.5174087,127.2649161,0.0,0.0,0.0,0.0,0.0
SJB293064377,한결초등학교,36.4960562,127.2472552,0.0,0.0,0.0,0.0,0.0
SJB293064375,"가온마을2,3단지",36.4961754,127.2418338,0.0,0.0,0.0,0.0,0.0
SJB293064373,다정고등학교(가온마을1단지),36.4927929,127.2431235,0.0,0.0,0.0,0.0,0.0
SJB293064367,다정중학교(가온마을4단지),36.4936286,127.2481842,0.0,0.0,0.0,0.0,0.0
SJB293064371,새뜸마을10단지,36.4905735,127.2508178,0.0,0.0,0.0,0.0,0.0
SJB293064369,새뜸마을14단지,36.4909023,127.2550427,0.0,0.0,0.0,0.0,0.0
SJB293064350,나릿재마을,36.4912197,127.2581891,0.0,0.0,0.0,0.0,0.0
SJB293064269,과학기술정보통신,36.4959777,127.2634881,0.0,0.0,0.0,0.0,0.0
SJB293064232,대평동(해들마을),36.4719176,127.2763944,0.0,0.0,0.0,0.0,0.0
SJB293064207,보람동(해들마을),36.4746524,127.2805,0.0,0.0,0.0,0.0,0.0
SJB293064079,세종시청.교육청.시의회,36.478188,127.288035,0.0,0.0,0.0,0.0,0.0
SJB293064164,세종우체국(보람초등학교),36.4802554,127.2931435,0.0,0.0,0.0,0.0,0.0
SJB293064167,"호려울마을8,9단지",36.4797747,127.296745,0.0,0.0,0.0,0.0,0.0
SJB293064169,"새샘마을1,2단지",36.480853,127.299974,0.0,0.0,0.0,0.0,0.0
SJB293064362,소담고등학교(새샘마을5단지),36.4815502,127.3045326,0.0,0.0,0.0,0.0,0.0
SJB293060004,한국개발연구원(KDI),36.4825782,127.3074549,0.0,0.0,0.0,0.0,0.0
SJB293064364,새샘마을6단지,36.4847415,127.3044855,0.0,0.0,0.0,0.0,0.0
SJB293064213,글벗중학교(새샘마을9단지),36.4898882,127.2984603,0.0,0.0,0.0,0.0,0.0
SJB293057002,한국조세재정연구원,36.49285,127.30063,0.0,0.0,0.0,0.0,0.0
SJB293064077,국책연구단지북측,36.4955579,127.3033473,0.0,0.0,0.0,0.0,0.0
SJB293064451,국립세종수목원(연구동),36.4980336,127.2897139,0.0,0.0,0.0,0.0,0.0
SJB293064452,"국립세종수목원,중앙공원",36.4996496,127.283625,0.0,0.0,0.0,0.0,0.0
SJB293064453,세종호수공원,36.5018825,127.2791339,0.0,0.0,0.0,0.0,0.0
SJB293062025,국무조정실(한뜰마을3단지),36.50408,127.27115,0.0,0.0,0.0,0.0,0.0
SJB293064024,정부세종청사스포츠센터,36.5063112,127.2586961,0.0,0.0,0.0,0.0,0.0
SJB293064058,도램마을1단지,36.5078138,127.2572564,0.0,0.0,0.0,0.0,0.0
SJB293064059,범지기마을4단지,36.507833,127.2490874,0.0,0.0,0.0,0.0,0.0
SJB293064148,범지기마을1단지,36.5089857,127.242171,0.0,0.0,0.0,0.0,0.0
SJB293064158,"가락마을7,8단지",36.5055858,127.2395189,0.0,0.0,0.0,0.0,0.0
SJB293064028,고운중학교,36.5068832,127.2367283,0.0,0.0,0.0,0.0,0.0
SJB293064089,고운고등학교,36.509267,127.2343639,0.0,0.0,0.0,0.0,0.0
SJB293064107,가락마을14단지,36.5129521,127.2334076,34240.0,37241.0,6946.0,0.09480533711553667,71481.0
SJB293064091,가락초등학교,36.5156123,127.2337503,0.0,0.0,0.0,0.0,0.0
SJB293064093,두루중학교,36.5173305,127.2381952,0.0,0.0,0.0,0.0,0.0
SJB293064095,"두루초,중학교",36.5191814,127.2394622,0.0,0.0,0.0,0.0,0.0
SJB293064424,세종누리학교,36.525453,127.242234,0.0,0.0,0.0,0.0,0.0
SJB293064425,세종누리학교,36.525623,127.242241,0.0,0.0,0.0,0.0,0.0
SJB293064096,"두루초,중학교",36.5187165,127.2391789,0.0,0.0,0.0,0.0,0.0
SJB293064094,두루중학교,36.5174909,127.2373346,0.0,0.0,0.0,0.0,0.0
SJB293064092,가락초등학교,36.5156976,127.233616,0.0,0.0,0.0,0.0,0.0
SJB293064106,가락마을14단지,36.51301,127.2331115,0.0,0.0,0.0,0.0,0.0
SJB293064090,고운고등학교,36.5089377,127.2342422,0.0,0.0,0.0,0.0,0.0
SJB293064029,고운중학교,36.5060786,127.2377584,0.0,0.0,0.0,0.0,0.0
SJB293064205,"가락마을7,8단지",36.5051871,127.240274,0.0,0.0,0.0,0.0,0.0
SJB293064149,범지기마을1단지,36.5087261,127.2430206,0.0,0.0,0.0,0.0,0.0
SJB293064071,가재마을12단지,36.5073176,127.2505017,0.0,0.0,0.0,0.0,0.0
SJB293064072,도램마을1단지,36.5075751,127.2573298,0.0,0.0,0.0,0.0,0.0
SJB293064023,정부세종청사스포츠센터,36.5063018,127.2584839,0.0,0.0,0.0,0.0,0.0
SJB293062016,도램마을9단지,36.5084834,127.2624829,0.0,0.0,0.0,0.0,0.0
SJB293062026,국무조정실(한뜰마을3단지),36.50383,127.27132,0.0,0.0,0.0,0.0,0.0
SJB293014034,세종호수공원,36.50216,127.27738,0.0,0.0,0.0,0.0,0.0
SJB293064454,세종중앙공원,36.5001803,127.2821042,0.0,0.0,0.0,0.0,0.0
SJB293064455,국립세종수목원,36.4988004,127.286745,0.0,0.0,0.0,0.0,0.0
SJB293064456,국립세종수목원(연구동),36.4976075,127.2900113,0.0,0.0,0.0,0.0,0.0
SJB293064078,국책연구단지북측,36.4959817,127.3034244,0.0,0.0,0.0,0.0,0.0
SJB293057001,한국조세재정연구원,36.49277,127.30037,0.0,0.0,0.0,0.0,0.0
SJB293064212,글벗중학교(새샘마을9단지),36.4906457,127.2986202,0.0,0.0,0.0,0.0,0.0
SJB293064365,새샘마을6단지,36.4845112,127.3042404,0.0,0.0,0.0,0.0,0.0
SJB293060003,한국개발연구원(KDI),36.48246,127.30716,0.0,0.0,0.0,0.0,0.0
SJB293064363,소담고등학교(새샘마을1단지),36.4815428,127.3027743,0.0,0.0,0.0,0.0,0.0
SJB293064168,"새샘마을1,2단지",36.4807836,127.298936,0.0,0.0,0.0,0.0,0.0
SJB293064166,"호려울마을8,9단지",36.4796473,127.2960085,0.0,0.0,0.0,0.0,0.0
SJB293064165,세종우체국(보람초등학교),36.4805387,127.2927688,0.0,0.0,0.0,0.0,0.0
SJB293064080,세종시청.교육청.시의회,36.478828,127.288963,1904782.0,1640754.0,150326.0,0.176395919331366,3545536.0
SJB293064208,보람동(호려울마을),36.4757635,127.2817304,0.0,0.0,0.0,0.0,0.0
SJB293064231,대평동(해들마을),36.4723006,127.2763096,0.0,0.0,0.0,0.0,0.0
SJB293064259,조치원버스터미널,36.6018992,127.3028932,0.0,0.0,0.0,0.0,0.0
SJB293064152,조치원전통시장북측,36.6015602,127.2996293,0.0,0.0,0.0,0.0,0.0
SJB293001084,조치원역,36.60099,127.29713,0.0,0.0,0.0,0.0,0.0
SJB293001087,세종우체국,36.60296,127.29789,0.0,0.0,0.0,0.0,0.0
SJB293001086,세종중학교,36.60578,127.29741,0.0,0.0,0.0,0.0,0.0
SJB293001082,세종고등학교,36.61017,127.2968,0.0,0.0,0.0,0.0,0.0
SJB293001067,새주막거리,36.61256,127.29455,0.0,0.0,0.0,0.0,0.0
SJB293001029,구렁말,36.61749,127.28889,0.0,0.0,0.0,0.0,0.0
SJB293001021,신안리마을회관,36.61655,127.28695,0.0,0.0,0.0,0.0,0.0
SJB293001032,중앙요양병원,36.614,127.2894,0.0,0.0,0.0,0.0,0.0
SJB293001050,신안1리입구,36.61353,127.29121,0.0,0.0,0.0,0.0,0.0
SJB293001055,고려대학교,36.6108381,127.2930928,0.0,0.0,0.0,0.0,0.0
SJB293001041,세종여자고등학교입구,36.6070144,127.2912647,0.0,0.0,0.0,0.0,0.0
SJB293001036,신봉초등학교,36.60283,127.28966,0.0,0.0,0.0,0.0,0.0
SJB293001042,세종시문화예술회관,36.59869,127.29035,0.0,0.0,0.0,0.0,0.0
SJB293064502,신흥3리,36.5956852,127.2907396,0.0,0.0,0.0,0.0,0.0
SJB293001038,신흥주공아파트,36.59523,127.28973,0.0,0.0,0.0,0.0,0.0
SJB293001020,세종시민체육관,36.59468,127.28478,0.0,0.0,0.0,0.0,0.0
SJB293064505,조치원 농협,36.5928162,127.2869351,0.0,0.0,0.0,0.0,0.0
SJB293064507,신흥푸르지오,36.5913565,127.2899016,0.0,0.0,0.0,0.0,0.0
SJB293001052,자이아파트,36.59083,127.29173,0.0,0.0,0.0,0.0,0.0
SJB293064083,번암아파트후문,36.5876866,127.2920412,0.0,0.0,0.0,0.0,0.0
SJB293001065,번암삼거리,36.58365,127.29409,0.0,0.0,0.0,0.0,0.0
SJB293001079,번암아파트,36.5866993,127.2971748,0.0,0.0,0.0,0.0,0.0
SJB293001092,죽림리,36.59127,127.29897,0.0,0.0,0.0,0.0,0.0
SJB293001093,효성세종병원,36.59705,127.29895,0.0,0.0,0.0,0.0,0.0
SJB293001090,조치원전통시장,36.59898,127.29861,0.0,0.0,0.0,0.0,0.0
SJB293064017,조치원역,36.6013323,127.2970784,0.0,0.0,0.0,0.0,0.0
SJB293064019,조치원전통시장북측,36.6014294,127.3000769,0.0,0.0,0.0,0.0,0.0
SJB293064260,조치원버스터미널,36.6018765,127.3027591,0.0,0.0,0.0,0.0,0.0
SJB293001088,조치원전통시장,36.599942,127.29819,0.0,0.0,0.0,0.0,0.0
SJB293064035,효성세종병원,36.5972495,127.2987069,0.0,0.0,0.0,0.0,0.0
SJB293001091,죽림리,36.59078,127.29892,0.0,0.0,0.0,0.0,0.0
SJB293001089,번암리,36.5884,127.29841,0.0,0.0,0.0,0.0,0.0
SJB293001078,번암아파트,36.58577,127.29582,0.0,0.0,0.0,0.0,0.0
SJB293001066,번암삼거리,36.58401,127.29416,0.0,0.0,0.0,0.0,0.0
SJB293001054,번암아파트후문,36.58772,127.29233,0.0,0.0,0.0,0.0,0.0
SJB293001053,자이아파트,36.59085,127.29192,0.0,0.0,0.0,0.0,0.0
SJB293064506,신흥푸르지오,36.5915324,127.2899626,0.0,0.0,0.0,0.0,0.0
SJB293064504,조치원 농협,36.592983,127.2869737,0.0,0.0,0.0,0.0,0.0
SJB293001019,세종시민체육관,36.59455,127.28477,0.0,0.0,0.0,0.0,0.0
SJB293001037,신흥주공아파트,36.5951,127.28973,0.0,0.0,0.0,0.0,0.0
SJB293064503,신흥3리,36.5956318,127.2911254,0.0,0.0,0.0,0.0,0.0
SJB293001045,세종시문화예술회관,36.598,127.29075,0.0,0.0,0.0,0.0,0.0
SJB293001040,신봉초등학교,36.60169,127.29016,0.0,0.0,0.0,0.0,0.0
SJB293001051,세종여자고등학교입구,36.6068434,127.2914161,0.0,0.0,0.0,0.0,0.0
SJB293001058,고려대학교,36.61076,127.29344,0.0,0.0,0.0,0.0,0.0
SJB293001049,신안1리입구,36.61372,127.29104,0.0,0.0,0.0,0.0,0.0
SJB293001033,중앙요양병원,36.61411,127.28953,0.0,0.0,0.0,0.0,0.0
SJB293001022,신안리마을회관,36.61637,127.28719,0.0,0.0,0.0,0.0,0.0
SJB293001028,구렁말,36.61737,127.28887,0.0,0.0,0.0,0.0,0.0
SJB293001068,새주막거리,36.61236,127.29459,0.0,0.0,0.0,0.0,0.0
SJB293001080,세종고등학교,36.61024,127.29666,0.0,0.0,0.0,0.0,0.0
SJB293001085,세종중학교,36.60591,127.29721,0.0,0.0,0.0,0.0,0.0
SJB293001024,세종여자고등학교,36.60653,127.28837,0.0,0.0,0.0,0.0,0.0
SJB293001018,서창리,36.60526,127.28432,0.0,0.0,0.0,0.0,0.0
SJB293001014,봉산리,36.60621,127.28092,0.0,0.0,0.0,0.0,0.0
SJB293001012,봉산1리마을회관,36.60694,127.27798,0.0,0.0,0.0,0.0,0.0
SJB293001009,봉산1리,36.60484,127.27739,0.0,0.0,0.0,0.0,0.0
SJB293001008,방축골(갑부농원),36.60075,127.27606,0.0,0.0,0.0,0.0,0.0
SJB293064147,대동초등학교,36.5955851,127.2953796,0.0,0.0,0.0,0.0,0.0
SJB293001097,죽림리,36.5966487,127.2958117,0.0,0.0,0.0,0.0,0.0
SJB293001075,조치원역뒤편,36.60061,127.29509,4139813.0,3456174.0,416460.0,0.20984082661198275,7595987.0
SJB293001064,세종세무서,36.60607,127.29412,0.0,0.0,0.0,0.0,0.0
SJB293001094,조치원버스터미널,36.6024592,127.3035236,0.0,0.0,0.0,0.0,0.0
SJB274002040,중봉리,36.60364,127.30656,0.0,0.0,0.0,0.0,0.0
SJB274002086,서평리,36.59864,127.31297,0.0,0.0,0.0,0.0,0.0
SJB271010111,서평1리,36.5955309,127.3145926,0.0,0.0,0.0,0.0,0.0
SJB274000055,서평교,36.591895,127.316459,0.0,0.0,0.0,0.0,0.0
SJB274002090,동평3리,36.5868,127.31859,0.0,0.0,0.0,0.0,0.0
SJB293015015,예양2리,36.5808639,127.3172522,0.0,0.0,0.0,0.0,0.0
SJB293015020,양세오충각,36.57851,127.32177,0.0,0.0,0.0,0.0,0.0
SJB293015018,예양1리,36.57621,127.32112,0.0,0.0,0.0,0.0,0.0
SJB293015023,예양리,36.57283,127.32303,0.0,0.0,0.0,0.0,0.0
SJB293015022,송용리,36.5617958,127.3229875,0.0,0.0,0.0,0.0,0.0
SJB293015030,내판역,36.55751,127.3252,0.0,0.0,0.0,0.0,0.0
SJB293064414,연동면 복합커뮤니티센터,36.555077,127.326537,0.0,0.0,0.0,0.0,0.0
SJB293015035,연동중학교,36.55269,127.32796,0.0,0.0,0.0,0.0,0.0
SJB293015038,교과서박물관,36.5494,127.33021,0.0,0.0,0.0,0.0,0.0
SJB293015044,응암농공단지,36.5457,127.33441,0.0,0.0,0.0,0.0,0.0
SJB293015049,명학산업단지,36.53905,127.34013,0.0,0.0,0.0,0.0,0.0
SJB293015056,명학1리,36.53703,127.34345,0.0,0.0,0.0,0.0,0.0
SJB293015062,명학리,36.53567,127.34787,0.0,0.0,0.0,0.0,0.0
SJB293015069,명학3리,36.53454,127.35168,0.0,0.0,0.0,0.0,0.0
SJB293012008,부강리,36.53303,127.35955,0.0,0.0,0.0,0.0,0.0
SJB293012011,부강역,36.53189,127.36464,0.0,0.0,0.0,0.0,0.0
SJB293064462,부강2리,36.5295,127.36597,0.0,0.0,0.0,0.0,0.0
SJB293064463,부강초등학교,36.52783,127.36722,0.0,0.0,0.0,0.0,0.0
SJB293064464,복지회관,36.52697,127.36974,0.0,0.0,0.0,0.0,0.0
SJB293012033,부강삼거리,36.52776,127.37218,0.0,0.0,0.0,0.0,0.0
SJB293064280,부강면생활체육관,36.5266749,127.374268,152897.0,117316.0,8126.0,0.2461488507996291,270213.0
SJB293012041,등곡3리(충광농원),36.51333,127.38231,0.0,0.0,0.0,0.0,0.0
SJB293012045,등곡리,36.50773,127.38487,0.0,0.0,0.0,0.0,0.0
SJB293012049,매포역(노호2리),36.49753,127.39272,0.0,0.0,0.0,0.0,0.0
SJB293012054,노호1리,36.495,127.39872,0.0,0.0,0.0,0.0,0.0
SJB293012055,등곡2리,36.49376,127.40229,0.0,0.0,0.0,0.0,0.0
SJB274020044,시목1리,36.49045,127.41045,0.0,0.0,0.0,0.0,0.0
SJB274020015,시목리,36.4897,127.41432,0.0,0.0,0.0,0.0,0.0
SJB274020012,"시목리, 현도중학교",36.48395,127.42431,0.0,0.0,0.0,0.0,0.0
SJB274020006,매봉(매봉리 방면),36.47372,127.42592,0.0,0.0,0.0,0.0,0.0
SJB274020007,매봉(양지리 방면),36.47063,127.42421,0.0,0.0,0.0,0.0,0.0
SJB274020017,양지리,36.4592,127.42668,0.0,0.0,0.0,0.0,0.0
SJB187001379,신탄진동행정복지센터,36.45277,127.42857,0.0,0.0,0.0,0.0,0.0
SJB187000280,신탄진역,36.4495778,127.428986,0.0,0.0,0.0,0.0,0.0
SJB187000270,신탄진역,36.44919,127.42929,0.0,0.0,0.0,0.0,0.0
SJB187001378,신탄진동행정복지센터,36.45212,127.4288721,0.0,0.0,0.0,0.0,0.0
SJB274020018,양지2리,36.4593,127.42696,0.0,0.0,0.0,0.0,0.0
SJB274020008,매봉리,36.47087,127.42467,0.0,0.0,0.0,0.0,0.0
SJB274020003,달계리,36.4745,127.4263,0.0,0.0,0.0,0.0,0.0
SJB274020010,"현도면 행정복지센터, 선동리",36.48497,127.42426,0.0,0.0,0.0,0.0,0.0
SJB274020045,시목리,36.48982,127.41455,0.0,0.0,0.0,0.0,0.0
SJB274020014,시목1리,36.49058,127.41061,0.0,0.0,0.0,0.0,0.0
SJB293012056,등곡2리,36.49386,127.40245,0.0,0.0,0.0,0.0,0.0
SJB293012053,노호1리,36.49517,127.39858,0.0,0.0,0.0,0.0,0.0
SJB293012050,매포역(노호2리),36.49737,127.39305,0.0,0.0,0.0,0.0,0.0
SJB293012046,등곡리,36.50735,127.38499,0.0,0.0,0.0,0.0,0.0
SJB293012042,등곡3리(충광농원),36.51325,127.3826,0.0,0.0,0.0,0.0,0.0
SJB293012038,부강면생활체육관,36.52758,127.37381,0.0,0.0,0.0,0.0,0.0
SJB293012032,부강삼거리,36.52792,127.372,0.0,0.0,0.0,0.0,0.0
SJB293064153,복지회관,36.5271885,127.3698136,0.0,0.0,0.0,0.0,0.0
SJB293012021,부강초등학교,36.52823,127.36714,0.0,0.0,0.0,0.0,0.0
SJB293064465,부강2리,36.52934,127.36628,0.0,0.0,0.0,0.0,0.0
SJB293012014,부강역,36.53192,127.36517,0.0,0.0,0.0,0.0,0.0
SJB293012009,부강리,36.53291,127.36088,0.0,0.0,0.0,0.0,0.0
SJB293015068,명학3리,36.53472,127.35163,0.0,0.0,0.0,0.0,0.0
SJB293015063,명학리,36.53579,127.34803,0.0,0.0,0.0,0.0,0.0
SJB293015055,명학1리,36.5372,127.34346,0.0,0.0,0.0,0.0,0.0
SJB293015050,명학산업단지,36.53897,127.34062,0.0,0.0,0.0,0.0,0.0
SJB293015043,응암농공단지,36.54621,127.33419,0.0,0.0,0.0,0.0,0.0
SJB293015039,교과서박물관,36.54933,127.33046,0.0,0.0,0.0,0.0,0.0
SJB293015036,연동중학교,36.5529,127.32801,0.0,0.0,0.0,0.0,0.0
SJB293064415,연동면 복합커뮤니티센터,36.555012,127.326823,0.0,0.0,0.0,0.0,0.0
SJB293015028,내판역,36.55796,127.32516,0.0,0.0,0.0,0.0,0.0
SJB293015026,송용리,36.5619854,127.3231771,0.0,0.0,0.0,0.0,0.0
SJB293015025,예양리,36.57279,127.32321,0.0,0.0,0.0,0.0,0.0
SJB293015019,예양1리,36.57534,127.32155,0.0,0.0,0.0,0.0,0.0
SJB293015021,양세오충각,36.57838,127.3219,0.0,0.0,0.0,0.0,0.0
SJB293064171,예양2리,36.5809703,127.3172654,0.0,0.0,0.0,0.0,0.0
SJB274002089,동평3리,36.58647,127.31843,0.0,0.0,0.0,0.0,0.0
SJB274000059,서평교,36.592008,127.316545,0.0,0.0,0.0,0.0,0.0
SJB274002088,서평1리,36.59558,127.3147,0.0,0.0,0.0,0.0,0.0
SJB274002087,서평리,36.59852,127.31318,0.0,0.0,0.0,0.0,0.0
SJB274002001,중봉리,36.60392,127.30684,0.0,0.0,0.0,0.0,0.0
SJB293001096,조치원버스터미널,36.6026983,127.3036683,0.0,0.0,0.0,0.0,0.0
SJB293001048,홍익대학교,36.62178,127.29072,0.0,0.0,0.0,0.0,0.0
SJB293001039,신안2리(안터),36.62633,127.28994,0.0,0.0,0.0,0.0,0.0
SJB293001031,신안2리입구,36.62926,127.28909,0.0,0.0,0.0,0.0,0.0
SJB293001026,조형아파트,36.63471,127.28878,0.0,0.0,0.0,0.0,0.0
SJB274002085,상봉초등학교,36.63758,127.28628,0.0,0.0,0.0,0.0,0.0
SJB274002083,상봉2리(가마소),36.63862,127.28379,0.0,0.0,0.0,0.0,0.0
SJB293018082,심중1리,36.64456,127.27603,0.0,0.0,0.0,0.0,0.0
SJB293018072,심중2리입구,36.64999,127.27104,0.0,0.0,0.0,0.0,0.0
SJB293018062,전동삼거리,36.65369,127.26701,0.0,0.0,0.0,0.0,0.0
SJB293018068,노장농공단지,36.6609,127.27033,0.0,0.0,0.0,0.0,0.0
SJB293018077,노장2리,36.66316,127.27271,0.0,0.0,0.0,0.0,0.0
SJB293018078,노장3리,36.66932,127.2727,0.0,0.0,0.0,0.0,0.0
SJB293018070,조치원낚시터,36.67291,127.27078,0.0,0.0,0.0,0.0,0.0
SJB293018050,봉대리(평말),36.68073,127.26314,0.0,0.0,0.0,0.0,0.0
SJB293018055,봉대리,36.68345,127.26529,0.0,0.0,0.0,0.0,0.0
SJB293018074,세종시공원묘원,36.69279,127.27243,0.0,0.0,0.0,0.0,0.0
SJB285016004,백자3리,36.70214,127.27608,0.0,0.0,0.0,0.0,0.0
SJB285016006,백자4리,36.70507,127.27389,0.0,0.0,0.0,0.0,0.0
SJB285016002,백자2리,36.71068,127.27417,0.0,0.0,0.0,0.0,0.0
SJB285016027,해정리,36.7197,127.27756,0.0,0.0,0.0,0.0,0.0
SJB285016026,해정2리,36.72692,127.27976,0.0,0.0,0.0,0.0,0.0
SJB285016029,속샘말삼거리,36.7293398,127.2798646,0.0,0.0,0.0,0.0,0.0
SJB285016016,수신면사무소,36.73094,127.28176,0.0,0.0,0.0,0.0,0.0
SJB285016010,수신초등학교,36.73284,127.28432,0.0,0.0,0.0,0.0,0.0
SJB285016009,상록리조트후문,36.73665,127.28407,0.0,0.0,0.0,0.0,0.0
SJB285016007,상록리조트정문,36.74248,127.28623,0.0,0.0,0.0,0.0,0.0
SJB285016020,장산3리(송내),36.74513,127.2894,0.0,0.0,0.0,0.0,0.0
SJB285016021,장산4리,36.74668,127.29091,0.0,0.0,0.0,0.0,0.0
SJB285016015,송내리,36.75136,127.29284,0.0,0.0,0.0,0.0,0.0
SJB285016023,장산4리(상리),36.75456,127.29562,0.0,0.0,0.0,0.0,0.0
SJB285013002,모드니에아파트,36.75899,127.29714,0.0,0.0,0.0,0.0,0.0
SJB285013007,병천시장,36.7611,127.29893,0.0,0.0,0.0,0.0,0.0
SJB285013004,병천3리,36.76219,127.30078,0.0,0.0,0.0,0.0,0.0
SJB285013008,유관순열사유적지,36.76258,127.30339,0.0,0.0,0.0,0.0,0.0
SJB285013005,병천고등학교,36.7642,127.3118,0.0,0.0,0.0,0.0,0.0
SJB285013010,병천고등학교,36.76454,127.31257,0.0,0.0,0.0,0.0,0.0
SJB285013009,유관순열사유적지,36.76308,127.30586,0.0,0.0,0.0,0.0,0.0
SJB285013003,병천3리,36.76224,127.30012,0.0,0.0,0.0,0.0,0.0
SJB285013006,병천시장,36.76122,127.29884,0.0,0.0,0.0,0.0,0.0
SJB285013001,모드니에아파트,36.75911,127.29704,0.0,0.0,0.0,0.0,0.0
SJB285016022,장산4리(상리),36.75431,127.29521,0.0,0.0,0.0,0.0,0.0
SJB285016013,송내리,36.75019,127.29218,0.0,0.0,0.0,0.0,0.0
SJB285016028,장산4리,36.7467119,127.2906764,0.0,0.0,0.0,0.0,0.0
SJB285016019,장산3리(송내),36.74519,127.28926,0.0,0.0,0.0,0.0,0.0
SJB285016018,상록리조트정문,36.74247,127.28608,0.0,0.0,0.0,0.0,0.0
SJB285016008,상록리조트후문,36.73662,127.28392,0.0,0.0,0.0,0.0,0.0
SJB285016017,수신초등학교,36.7328,127.28411,0.0,0.0,0.0,0.0,0.0
SJB285016011,수신면사무소,36.73099,127.28162,0.0,0.0,0.0,0.0,0.0
SJB285016012,속샘말삼거리,36.72943,127.27975,0.0,0.0,0.0,0.0,0.0
SJB285016025,해정2리,36.72683,127.27959,0.0,0.0,0.0,0.0,0.0
SJB285016024,해정리,36.71976,127.27744,0.0,0.0,0.0,0.0,0.0
SJB285016001,백자2리,36.71079,127.27405,0.0,0.0,0.0,0.0,0.0
SJB285016005,백자4리,36.7053,127.27365,0.0,0.0,0.0,0.0,0.0
SJB285016003,백자3리,36.70201,127.27598,0.0,0.0,0.0,0.0,0.0
SJB293018073,세종시공원묘원,36.69282,127.27229,0.0,0.0,0.0,0.0,0.0
SJB293018054,봉대리,36.68337,127.26512,0.0,0.0,0.0,0.0,0.0
SJB293018051,봉대리(평말),36.68098,127.26305,0.0,0.0,0.0,0.0,0.0
SJB293018069,조치원낚시터,36.67308,127.2706,0.0,0.0,0.0,0.0,0.0
SJB293018075,노장3리,36.66938,127.2725,0.0,0.0,0.0,0.0,0.0
SJB293018076,노장2리,36.66327,127.27263,0.0,0.0,0.0,0.0,0.0
SJB293018067,노장농공단지,36.66071,127.27012,0.0,0.0,0.0,0.0,0.0
SJB293018060,전동삼거리,36.65378,127.2669,0.0,0.0,0.0,0.0,0.0
SJB293018071,심중2리입구,36.64988,127.27101,0.0,0.0,0.0,0.0,0.0
SJB293018081,심중1리,36.64451,127.27593,0.0,0.0,0.0,0.0,0.0
SJB274002082,상봉2리(가마소),36.63857,127.28365,0.0,0.0,0.0,0.0,0.0
SJB274002084,상봉초등학교,36.63747,127.28622,0.0,0.0,0.0,0.0,0.0
SJB293001027,조형아파트,36.63441,127.28884,0.0,0.0,0.0,0.0,0.0
SJB293001030,신안2리입구,36.62874,127.28909,0.0,0.0,0.0,0.0,0.0
SJB293001034,신안2리(안터),36.62652,127.28975,0.0,0.0,0.0,0.0,0.0
SJB293001043,홍익대학교,36.62188,127.29056,0.0,0.0,0.0,0.0,0.0
SJB293001047,신안1리,36.61865,127.29091,0.0,0.0,0.0,0.0,0.0
SJB293064178,다정동(장기로),36.4998106,127.2345693,0.0,0.0,0.0,0.0,0.0
SJB293064032,"가재마을9, 10단지",36.5015892,127.2525636,0.0,0.0,0.0,0.0,0.0
SJB293051005,가람동(이마트앞),36.47061,127.2518,0.0,0.0,0.0,0.0,0.0
SJB293051004,열병합발전소,36.4654,127.24613,0.0,0.0,0.0,0.0,0.0
SJB293064426,주택성능연구개발센터,36.467585,127.242469,0.0,0.0,0.0,0.0,0.0
SJB293017063,영평사입구,36.47564,127.23857,0.0,0.0,0.0,0.0,0.0
SJB293064386,산학리(주니어전문스쿨),36.4826597,127.2327579,0.0,0.0,0.0,0.0,0.0
SJB293017060,동원주식회사,36.4881,127.22658,0.0,0.0,0.0,0.0,0.0
SJB293017058,산학리,36.49187,127.22221,0.0,0.0,0.0,0.0,0.0
SJB293017053,은용1리,36.49338,127.21585,0.0,0.0,0.0,0.0,0.0
SJB293064270,장기초등학교,36.4968405,127.2073985,0.0,0.0,0.0,0.0,0.0
SJB293017029,장기초등학교,36.49667,127.20729,0.0,0.0,0.0,0.0,0.0
SJB293017051,은용1리,36.49328,127.21577,0.0,0.0,0.0,0.0,0.0
SJB293017057,산학리,36.49191,127.22186,0.0,0.0,0.0,0.0,0.0
SJB293017061,동원주식회사,36.4889,127.22667,0.0,0.0,0.0,0.0,0.0
SJB293064385,산학리(주니어전문스쿨),36.4825063,127.232697,0.0,0.0,0.0,0.0,0.0
SJB293017062,영평사입구,36.47582,127.23838,0.0,0.0,0.0,0.0,0.0
SJB293064427,주택성능연구개발센터,36.467511,127.24234,0.0,0.0,0.0,0.0,0.0
SJB293051003,열병합발전소,36.46513,127.246,0.0,0.0,0.0,0.0,0.0
SJB293051006,가람동(이마트앞),36.47062,127.25208,0.0,0.0,0.0,0.0,0.0
SJB293064025,"가재마을9, 10단지",36.5018101,127.2525964,0.0,0.0,0.0,0.0,0.0
SJB293064143,다정동(장기로),36.4999845,127.2345564,0.0,0.0,0.0,0.0,0.0
SJB293064443,대전공원묘원,36.4519,127.2266,0.0,0.0,0.0,0.0,0.0
SJB293064181,도남삼거리,36.4413461,127.2242355,0.0,0.0,0.0,0.0,0.0
SJB293017055,금암삼거리,36.43837,127.21848,0.0,0.0,0.0,0.0,0.0
SJB293017032,금암리노인정,36.43827,127.2085,0.0,0.0,0.0,0.0,0.0
SJB293017034,금암리(웅대원룸),36.44168,127.20892,0.0,0.0,0.0,0.0,0.0
SJB293017036,한국영상대기숙사,36.44304,127.20993,0.0,0.0,0.0,0.0,0.0
SJB293017041,금암리(서봉타운),36.44591,127.21077,0.0,0.0,0.0,0.0,0.0
SJB293017038,금암리(영조주택),36.44884,127.21055,0.0,0.0,0.0,0.0,0.0
SJB293017040,금암리(그린원룸),36.45103,127.21064,0.0,0.0,0.0,0.0,0.0
SJB293010014,금암리(솔정자),36.45532047,127.2112425,0.0,0.0,0.0,0.0,0.0
SJB293010015,금암리(사기정골),36.45776728,127.2119781,0.0,0.0,0.0,0.0,0.0
SJB293017045,한국영상대학교,36.46158,127.21124,0.0,0.0,0.0,0.0,0.0
SJB293017046,금암리(사기정골),36.45775,127.21181,0.0,0.0,0.0,0.0,0.0
SJB293017042,금암리(솔정자),36.4553,127.21109,0.0,0.0,0.0,0.0,0.0
SJB293010013,금암리(그린원룸),36.45112248,127.2105076,0.0,0.0,0.0,0.0,0.0
SJB293017037,금암리(영조주택),36.44864,127.2104,0.0,0.0,0.0,0.0,0.0
SJB293010012,금암리(서봉타운),36.44601649,127.2106385,0.0,0.0,0.0,0.0,0.0
SJB293017035,한국영상대기숙사,36.44327,127.20992,0.0,0.0,0.0,0.0,0.0
SJB293010011,금암리(웅대원룸),36.44176087,127.2088036,0.0,0.0,0.0,0.0,0.0
SJB293017030,금암리노인정,36.43813,127.2084,0.0,0.0,0.0,0.0,0.0
SJB293017056,금암삼거리,36.4382,127.2185,0.0,0.0,0.0,0.0,0.0
SJB293064182,도남삼거리,36.4412701,127.2245036,0.0,0.0,0.0,0.0,0.0
SJB293900001,대전공원묘원,36.452,127.2269,0.0,0.0,0.0,0.0,0.0
SJB293016126,월하리,36.57825,127.29256,0.0,0.0,0.0,0.0,0.0
SJB293016124,월하리(항공학교),36.57537,127.29147,0.0,0.0,0.0,0.0,0.0
SJB293016121,세종장례식장입구,36.5700498,127.2875721,0.0,0.0,0.0,0.0,0.0
SJB293016116,세종교통,36.56604,127.28472,0.0,0.0,0.0,0.0,0.0
SJB293016112,봉암리,36.56358,127.28305,0.0,0.0,0.0,0.0,0.0
SJB293016110,대원아파트후문,36.56134,127.28143,0.0,0.0,0.0,0.0,0.0
SJB293016101,대원아파트,36.55833,127.27817,0.0,0.0,0.0,0.0,0.0
SJB293014032,실광주유소,36.55361,127.27738,0.0,0.0,0.0,0.0,0.0
SJB293064170,방공학교,36.5518391,127.2780081,0.0,0.0,0.0,0.0,0.0
SJB293014037,보통2리,36.54867,127.27837,0.0,0.0,0.0,0.0,0.0
SJB293014030,연기리,36.54482,127.27714,0.0,0.0,0.0,0.0,0.0
SJB293014023,연기면사무소,36.54241,127.2744,0.0,0.0,0.0,0.0,0.0
SJB293014019,연기산업단지,36.54374,127.26691,0.0,0.0,0.0,0.0,0.0
SJB293064042,눌왕리(새터말),36.5454681,127.2625687,1406214.0,1198422.0,160827.0,0.02964422067717812,2604636.0
SJB293014012,눌왕1리(도덕농장),36.54496,127.25815,0.0,0.0,0.0,0.0,0.0
SJB293014011,수왕초등학교,36.54508,127.25503,0.0,0.0,0.0,0.0,0.0
SJB293014008,눌왕2리(푸른농원),36.54602,127.24922,0.0,0.0,0.0,0.0,0.0
SJB293014007,눌왕2리마을회관,36.54452,127.24683,0.0,0.0,0.0,0.0,0.0
SJB293014004,눌왕2리,36.54384,127.24391,0.0,0.0,0.0,0.0,0.0
SJB293014003,수산리(방아다리),36.54452,127.23693,0.0,0.0,0.0,0.0,0.0
SJB293014001,수산리,36.5408579,127.2307892,0.0,0.0,0.0,0.0,0.0
SJB293064491,수산리교차로,36.5382055,127.2339589,0.0,0.0,0.0,0.0,0.0
SJB293064013,은하수공원,36.5325085,127.2453325,0.0,0.0,0.0,0.0,0.0
SJB293064156,은하수공원,36.5326753,127.2453565,0.0,0.0,0.0,0.0,0.0
SJB293064490,수산리교차로,36.5378723,127.2340996,0.0,0.0,0.0,0.0,0.0
SJB293014002,수산리(방아다리),36.54436,127.23691,0.0,0.0,0.0,0.0,0.0
SJB293014005,눌왕2리,36.54346,127.24441,0.0,0.0,0.0,0.0,0.0
SJB293014006,눌왕2리마을회관,36.5442,127.24662,0.0,0.0,0.0,0.0,0.0
SJB293014009,눌왕2리(푸른농원),36.54592,127.24938,0.0,0.0,0.0,0.0,0.0
SJB293014010,수왕초등학교,36.54498,127.25486,0.0,0.0,0.0,0.0,0.0
SJB293014013,눌왕1리(도덕농장),36.54482,127.25815,0.0,0.0,0.0,0.0,0.0
SJB293064043,눌왕리(새터말),36.5453054,127.2623793,0.0,0.0,0.0,0.0,0.0
SJB293014018,연기산업단지,36.54369,127.26673,0.0,0.0,0.0,0.0,0.0
SJB293014021,연기면사무소,36.5423,127.27405,0.0,0.0,0.0,0.0,0.0
SJB293014028,연기리,36.54431,127.27681,0.0,0.0,0.0,0.0,0.0
SJB293014038,보통2리,36.54869,127.27849,0.0,0.0,0.0,0.0,0.0
SJB293014036,방공학교,36.55202,127.27817,0.0,0.0,0.0,0.0,0.0
SJB293014033,실광주유소,36.55469,127.27737,0.0,0.0,0.0,0.0,0.0
SJB293016102,대원아파트,36.55839,127.27835,0.0,0.0,0.0,0.0,0.0
SJB293016109,대원아파트후문,36.56068,127.28087,0.0,0.0,0.0,0.0,0.0
SJB293016113,봉암리,36.56387,127.28345,0.0,0.0,0.0,0.0,0.0
SJB293016117,세종교통,36.56604,127.28491,0.0,0.0,0.0,0.0,0.0
SJB293016123,세종장례식장입구,36.5700006,127.2877801,0.0,0.0,0.0,0.0,0.0
SJB293064508,월하리(패션아울렛),36.5735137,127.2903054,0.0,0.0,0.0,0.0,0.0
SJB293016125,월하리(항공학교),36.57633,127.29212,0.0,0.0,0.0,0.0,0.0
SJB293016127,월하리,36.57842,127.29276,0.0,0.0,0.0,0.0,0.0
SJB293016119,봉암2리마을회관,36.55973,127.28701,0.0,0.0,0.0,0.0,0.0
SJB293014039,연기2리마을회관,36.54216,127.28017,0.0,0.0,0.0,0.0,0.0
SJB293014048,보통1리마을회관,36.54493,127.29008,0.0,0.0,0.0,0.0,0.0
SJB293064196,보통1리마을회관,36.5447598,127.2901082,0.0,0.0,0.0,0.0,0.0
SJB293064273,연기2리마을회관,36.5423242,127.2802675,0.0,0.0,0.0,0.0,0.0
SJB293064276,노송2리,36.57114,127.3261292,0.0,0.0,0.0,0.0,0.0
SJB293015040,노송1리(노리미),36.5693111,127.3281964,0.0,0.0,0.0,0.0,0.0
SJB293064172,노송1리,36.5668063,127.3304159,0.0,0.0,0.0,0.0,0.0
SJB293064297,노송리,36.5626625,127.3358785,0.0,0.0,0.0,0.0,0.0
SJB293064277,응암2리,36.5572604,127.3416481,0.0,0.0,0.0,0.0,0.0
SJB293064444,응암2리마을회관,36.5534,127.3389,0.0,0.0,0.0,0.0,0.0
SJB293015057,응암4리,36.55802,127.34467,0.0,0.0,0.0,0.0,0.0
SJB293064278,응암3리,36.5479444,127.3530917,0.0,0.0,0.0,0.0,0.0
SJB293015073,응암3리입구,36.54687,127.35382,0.0,0.0,0.0,0.0,0.0
SJB293012003,갈산2리,36.53756,127.35598,0.0,0.0,0.0,0.0,0.0
SJB293012004,갈산2리,36.53772,127.35615,0.0,0.0,0.0,0.0,0.0
SJB293015074,응암3리입구,36.54694,127.35395,0.0,0.0,0.0,0.0,0.0
SJB293064198,응암3리,36.5479716,127.3532034,0.0,0.0,0.0,0.0,0.0
SJB293015058,응암4리,36.55812,127.3448,0.0,0.0,0.0,0.0,0.0
SJB293015051,응암2리,36.55719,127.34201,0.0,0.0,0.0,0.0,0.0
SJB293064509,장욱진화백탑비,36.5559269,127.3394987,0.0,0.0,0.0,0.0,0.0
SJB293064299,노송리,36.5627078,127.3360404,0.0,0.0,0.0,0.0,0.0
SJB293064279,노송1리,36.5668778,127.3305923,0.0,0.0,0.0,0.0,0.0
SJB293015037,노송1리(노리미),36.56935,127.32836,0.0,0.0,0.0,0.0,0.0
SJB293015033,노송2리,36.57126,127.32616,0.0,0.0,0.0,0.0,0.0
SJB293064282,송용1리마을회관,36.5642304,127.3264129,0.0,0.0,0.0,0.0,0.0
SJB293064284,송용리,36.5617961,127.3232222,0.0,0.0,0.0,0.0,0.0
SJB293015031,내판2리,36.55188,127.32554,0.0,0.0,0.0,0.0,0.0
SJB293015029,내판3리,36.5481637,127.3252197,0.0,0.0,0.0,0.0,0.0
SJB293064230,명학산업단지입구,36.5491094,127.3277093,0.0,0.0,0.0,0.0,0.0
SJB293064228,리봄화장품,36.5450657,127.3305114,0.0,0.0,0.0,0.0,0.0
SJB293064226,삼성전기,36.5395019,127.3359476,0.0,0.0,0.0,0.0,0.0
SJB293064466,"진웅엠피아,재진가로등",36.538209,127.3364865,0.0,0.0,0.0,0.0,0.0
SJB293064285,응암1리마을회관,36.5428916,127.3426439,0.0,0.0,0.0,0.0,0.0
SJB293064286,응암리(영모재),36.5422497,127.3447065,0.0,0.0,0.0,0.0,0.0
SJB293064287,응암리(가마골),36.5411841,127.3467866,0.0,0.0,0.0,0.0,0.0
SJB293064288,응암리(우리종묘),36.539663,127.3451417,0.0,0.0,0.0,0.0,0.0
SJB293015066,청정아파트,36.52924,127.35153,0.0,0.0,0.0,0.0,0.0
SJB293015065,명학2리(황룡사),36.52683,127.35145,0.0,0.0,0.0,0.0,0.0
SJB293015070,청정아파트,36.52908,127.35172,0.0,0.0,0.0,0.0,0.0
SJB293015067,명학2리(황룡사),36.52685,127.35158,0.0,0.0,0.0,0.0,0.0
SJB293064290,응암리(우리종묘),36.5395955,127.3452983,0.0,0.0,0.0,0.0,0.0
SJB293015060,응암리(가마골),36.54116,127.34694,0.0,0.0,0.0,0.0,0.0
SJB293064289,응암리(영모재),36.5423399,127.3447566,0.0,0.0,0.0,0.0,0.0
SJB293015052,응암1리마을회관,36.54295,127.34252,0.0,0.0,0.0,0.0,0.0
SJB293064467,"진웅엠피아,재진가로등",36.5383444,127.3366315,0.0,0.0,0.0,0.0,0.0
SJB293064225,삼성전기,36.5396464,127.3361428,0.0,0.0,0.0,0.0,0.0
SJB293064227,리봄화장품,36.5451653,127.3308576,0.0,0.0,0.0,0.0,0.0
SJB293064229,명학산업단지입구,36.5492451,127.3280218,0.0,0.0,0.0,0.0,0.0
SJB293015032,내판2리,36.55202,127.32564,0.0,0.0,0.0,0.0,0.0
SJB293064283,송용리,36.5616519,127.3232337,0.0,0.0,0.0,0.0,0.0
SJB293064281,송용1리마을회관,36.5641491,127.3263516,0.0,0.0,0.0,0.0,0.0
SJB293064294,예양2리,36.580917,127.3165926,0.0,0.0,0.0,0.0,0.0
SJB293064296,예양리(강촌입구),36.5804101,127.3123797,0.0,0.0,0.0,0.0,0.0
SJB293015003,예양2리(강촌),36.57658,127.308,0.0,0.0,0.0,0.0,0.0
SJB293015004,송용3리(신촌),36.56901,127.30807,0.0,0.0,0.0,0.0,0.0
SJB293015001,송용3리,36.56038,127.30372,0.0,0.0,0.0,0.0,0.0
SJB293064014,문주리,36.5469422,127.310502,0.0,0.0,0.0,0.0,0.0
SJB293064292,문주리입구,36.5481921,127.3112811,0.0,0.0,0.0,0.0,0.0
SJB293064409,내판리(외판1교),36.555932,127.323048,0.0,0.0,0.0,0.0,0.0
SJB293064343,내판2리,36.5526956,127.3252308,0.0,0.0,0.0,0.0,0.0
SJB293064346,연동중학교,36.55293,127.3282919,85481.0,64872.0,4035.0,0.2543815281494824,150353.0
SJB293064468,명학2리,36.5236,127.35205,0.0,0.0,0.0,0.0,0.0
SJB293015071,청봉사,36.52218,127.3536,0.0,0.0,0.0,0.0,0.0
SJB293064291,명학2리(용당),36.5202645,127.3539706,0.0,0.0,0.0,0.0,0.0
SJB293015061,용운사,36.51858,127.347,0.0,0.0,0.0,0.0,0.0
SJB293015054,합강2리,36.51823,127.3428,0.0,0.0,0.0,0.0,0.0
SJB293015048,합강2리(합강공원),36.51779,127.33971,0.0,0.0,0.0,0.0,0.0
SJB293015053,합강2리,36.51809,127.34261,0.0,0.0,0.0,0.0,0.0
SJB293015059,용운사,36.51838,127.34674,0.0,0.0,0.0,0.0,0.0
SJB293015076,명학2리(용당),36.52015,127.35409,0.0,0.0,0.0,0.0,0.0
SJB293015072,청봉사,36.52228,127.35368,0.0,0.0,0.0,0.0,0.0
SJB293064469,명학2리,36.5238951,127.3519644,0.0,0.0,0.0,0.0,0.0
SJB293064345,연동중학교,36.5527497,127.3283481,0.0,0.0,0.0,0.0,0.0
SJB293064344,내판2리,36.5525517,127.3254602,0.0,0.0,0.0,0.0,0.0
SJB293064410,내판리(외판1교),36.555994,127.32309,0.0,0.0,0.0,0.0,0.0
SJB293064293,문주리입구,36.5482424,127.3111782,0.0,0.0,0.0,0.0,0.0
SJB293015009,문주리,36.5469871,127.3103846,0.0,0.0,0.0,0.0,0.0
SJB293015002,송용3리,36.560329,127.303813,0.0,0.0,0.0,0.0,0.0
SJB293015006,송용3리(신촌),36.568869,127.308161,0.0,0.0,0.0,0.0,0.0
SJB293015005,예양2리(강촌),36.576819,127.308115,0.0,0.0,0.0,0.0,0.0
SJB293015012,예양리(강촌입구),36.580326,127.312387,0.0,0.0,0.0,0.0,0.0
SJB293064295,예양2리,36.5808035,127.3166622,0.0,0.0,0.0,0.0,0.0
SJB293012017,부강면,36.52986,127.36613,0.0,0.0,0.0,0.0,0.0
SJB293012023,부강3리,36.52795,127.368,0.0,0.0,0.0,0.0,0.0
SJB293012026,한화사원아파트,36.52627,127.36823,0.0,0.0,0.0,0.0,0.0
SJB293012025,부강9리,36.51915,127.36818,0.0,0.0,0.0,0.0,0.0
SJB293012012,금호3리,36.5095,127.3651,0.0,0.0,0.0,0.0,0.0
SJB293012006,금호2리공단입구,36.50417,127.358,0.0,0.0,0.0,0.0,0.0
SJB293064298,부강산업단지입구,36.500533,127.3622629,0.0,0.0,0.0,0.0,0.0
SJB293064301,부강산업단지,36.4983679,127.3649243,0.0,0.0,0.0,0.0,0.0
SJB293064300,부강산업단지입구,36.5008976,127.3618379,0.0,0.0,0.0,0.0,0.0
SJB293012001,금호2리노인회관,36.50201,127.35459,0.0,0.0,0.0,0.0,0.0
SJB293064087,부용농공단지,36.4922149,127.3624753,0.0,0.0,0.0,0.0,0.0
SJB293012019,아시아제지기숙사,36.49114,127.36665,0.0,0.0,0.0,0.0,0.0
SJB293012029,금호리,36.49383,127.36967,0.0,0.0,0.0,0.0,0.0
SJB293012018,아시아제지기숙사,36.49129,127.36638,0.0,0.0,0.0,0.0,0.0
SJB293064088,부용농공단지,36.4923814,127.3622573,0.0,0.0,0.0,0.0,0.0
SJB293012002,금호2리노인회관,36.50221,127.35515,0.0,0.0,0.0,0.0,0.0
SJB293012005,금호2리공단입구,36.5038391,127.3578931,0.0,0.0,0.0,0.0,0.0
SJB293012013,금호3리,36.50934,127.36516,0.0,0.0,0.0,0.0,0.0
SJB293012028,부강9리,36.51895,127.36841,0.0,0.0,0.0,0.0,0.0
SJB293012027,한화사원아파트,36.52607,127.36838,0.0,0.0,0.0,0.0,0.0
SJB293015075,응암3리입구,36.54658,127.35398,0.0,0.0,0.0,0.0,0.0
SJB293064470,응암3리마을입구,36.55073,127.35874,0.0,0.0,0.0,0.0,0.0
SJB293012007,산수리입구,36.55433,127.35824,0.0,0.0,0.0,0.0,0.0
SJB293012057,산수리,36.55633667,127.3581367,0.0,0.0,0.0,0.0,0.0
SJB293012010,저산리,36.56182,127.36194,0.0,0.0,0.0,0.0,0.0
SJB293012015,저산2리,36.56219,127.36536,0.0,0.0,0.0,0.0,0.0
SJB293012058,행산리입구,36.560275,127.3725783,0.0,0.0,0.0,0.0,0.0
SJB293012037,행산리(미건산업입구),36.5575,127.37354,0.0,0.0,0.0,0.0,0.0
SJB293012036,행산리,36.55633,127.37314,0.0,0.0,0.0,0.0,0.0
SJB293064199,행산1리,36.5525825,127.3725366,0.0,0.0,0.0,0.0,0.0
SJB293012022,갈산리,36.5466,127.3677,0.0,0.0,0.0,0.0,0.0
SJB293064304,갈산1리,36.5436985,127.3646969,0.0,0.0,0.0,0.0,0.0
SJB293011029,용포리,36.46842,127.2813,0.0,0.0,0.0,0.0,0.0
SJB293011028,금남면사무소,36.46472,127.28097,0.0,0.0,0.0,0.0,0.0
SJB293064086,성덕교차로,36.4607591,127.2776151,0.0,0.0,0.0,0.0,0.0
SJB293011018,성덕1리,36.46097,127.26644,0.0,0.0,0.0,0.0,0.0
SJB293011015,영곡2리,36.45872,127.2553,0.0,0.0,0.0,0.0,0.0
SJB293011009,원봉1리마을회관,36.45129,127.23931,0.0,0.0,0.0,0.0,0.0
SJB293011008,원봉1리,36.45007,127.23924,0.0,0.0,0.0,0.0,0.0
SJB293011002,도남리,36.44575,127.23259,0.0,0.0,0.0,0.0,0.0
SJB293011005,금강수목원(산림박물관),36.43782,127.23549,0.0,0.0,0.0,0.0,0.0
SJB293011006,금강수목원(산림박물관),36.4378,127.23567,0.0,0.0,0.0,0.0,0.0
SJB293011004,도남리마을회관,36.44309,127.23341,0.0,0.0,0.0,0.0,0.0
SJB293011003,도남리,36.44587,127.23284,0.0,0.0,0.0,0.0,0.0
SJB293011007,원봉1리,36.44815,127.23738,0.0,0.0,0.0,0.0,0.0
SJB293011010,원봉2리,36.44738,127.24399,0.0,0.0,0.0,0.0,0.0
SJB293011011,원봉2리마을회관,36.44547,127.2468,0.0,0.0,0.0,0.0,0.0
SJB293011016,영곡2리,36.44812,127.25838,0.0,0.0,0.0,0.0,0.0
SJB293011017,영곡리,36.45172,127.26405,0.0,0.0,0.0,0.0,0.0
SJB293011019,성덕2리,36.45575,127.26691,0.0,0.0,0.0,0.0,0.0
SJB293064085,성덕교차로,36.4606374,127.2776489,0.0,0.0,0.0,0.0,0.0
SJB293011027,금남면사무소,36.46423,127.28098,0.0,0.0,0.0,0.0,0.0
SJB293011030,용포리,36.46863,127.28135,0.0,0.0,0.0,0.0,0.0
SJB293064020,대평리원형교차로,36.4600198,127.2805189,0.0,0.0,0.0,0.0,0.0
SJB293011033,발산리,36.45638,127.28405,0.0,0.0,0.0,0.0,0.0
SJB293011037,도암리입구,36.44731,127.28557,0.0,0.0,0.0,0.0,0.0
SJB293011039,감성초등학교,36.44355,127.28742,0.0,0.0,0.0,0.0,0.0
SJB293064267,감성리,36.440161,127.288359,0.0,0.0,0.0,0.0,0.0
SJB293011047,송림사입구,36.43892,127.29418,0.0,0.0,0.0,0.0,0.0
SJB293011049,축산리마을회관,36.44147,127.3008,0.0,0.0,0.0,0.0,0.0
SJB293011051,축산리,36.43975,127.30656,0.0,0.0,0.0,0.0,0.0
SJB293011055,금천1리,36.4421,127.31367,0.0,0.0,0.0,0.0,0.0
SJB293011059,금천1리마을회관,36.4421,127.3155,0.0,0.0,0.0,0.0,0.0
SJB293011063,금천2리마을회관,36.43823,127.31981,0.0,0.0,0.0,0.0,0.0
SJB293064162,금천2리마을회관,36.4383112,127.3199267,0.0,0.0,0.0,0.0,0.0
SJB293011060,금천1리마을회관,36.44226,127.3156,0.0,0.0,0.0,0.0,0.0
SJB293011056,금천1리,36.44227,127.31377,0.0,0.0,0.0,0.0,0.0
SJB293011050,축산리,36.43995,127.30652,0.0,0.0,0.0,0.0,0.0
SJB293011048,축산리마을회관,36.44161,127.30045,0.0,0.0,0.0,0.0,0.0
SJB293011046,송림사입구,36.43899,127.29402,0.0,0.0,0.0,0.0,0.0
SJB293011043,감성리,36.440359,127.2883289,0.0,0.0,0.0,0.0,0.0
SJB293011041,감성초등학교,36.44337,127.28774,0.0,0.0,0.0,0.0,0.0
SJB293011038,도암리입구,36.44691,127.28575,0.0,0.0,0.0,0.0,0.0
SJB293011034,발산리,36.45648,127.28418,536774.0,434594.0,62821.0,0.7515577754232684,971368.0
SJB293064021,대평리원형교차로,36.4600021,127.2807254,0.0,0.0,0.0,0.0,0.0
SJB293058001,금남초등학교,36.47133,127.28601,0.0,0.0,0.0,0.0,0.0
SJB293058003,신촌리,36.47344,127.28809,0.0,0.0,0.0,0.0,0.0
SJB293058006,호탄리,36.47625,127.29646,0.0,0.0,0.0,0.0,0.0
SJB293058008,"장영실고등학교,호탄리(안터)",36.47755,127.29868,218.0,461.0,4.0,0.4518225165703202,679.0
SJB293060002,장재리,36.47855,127.30451,0.0,0.0,0.0,0.0,0.0
SJB293060005,장재1리,36.47968,127.30823,0.0,0.0,0.0,0.0,0.0
SJB293057003,장재리(태련암입구),36.47998,127.31251,0.0,0.0,0.0,0.0,0.0
SJB293057005,장재리(길재고개),36.48083,127.31665,0.0,0.0,0.0,0.0,0.0
SJB293011061,황용2리,36.4745,127.3184,0.0,0.0,0.0,0.0,0.0
SJB293011057,남곡리마을회관,36.4704,127.31377,0.0,0.0,0.0,0.0,0.0
SJB293011062,황용2리,36.47452,127.31857,0.0,0.0,0.0,0.0,0.0
SJB293011065,황용리(황용1교),36.47964,127.32127,0.0,0.0,0.0,0.0,0.0
SJB293011080,황용리삼성복지회관,36.48012,127.32997,0.0,0.0,0.0,0.0,0.0
SJB293011082,황용사,36.47403,127.33406,0.0,0.0,0.0,0.0,0.0
SJB293011085,영대리,36.46787,127.33543,0.0,0.0,0.0,0.0,0.0
SJB293011081,영대1리마을회관,36.45845,127.33336,0.0,0.0,0.0,0.0,0.0
SJB293011088,달전리(한울농장),36.46182,127.34222,0.0,0.0,0.0,0.0,0.0
SJB293011095,달전리,36.45978,127.34699,0.0,0.0,0.0,0.0,0.0
SJB293011096,달전리마을회관,36.462221,127.349332,0.0,0.0,0.0,0.0,0.0
SJB293011097,달전리마을회관,36.46223,127.34918,0.0,0.0,0.0,0.0,0.0
SJB293011094,달전리,36.45984,127.34676,0.0,0.0,0.0,0.0,0.0
SJB293011089,달전리(한울농장),36.4617,127.34258,0.0,0.0,0.0,0.0,0.0
SJB293011086,영대리,36.4678,127.33567,0.0,0.0,0.0,0.0,0.0
SJB293011083,황용사,36.47385,127.3342,0.0,0.0,0.0,0.0,0.0
SJB293011078,황용리삼성복지회관,36.48021,127.32967,0.0,0.0,0.0,0.0,0.0
SJB293011109,황용리(황용1교),36.4797727,127.3214339,0.0,0.0,0.0,0.0,0.0
SJB293057006,장재리(길재고개),36.48096,127.31679,0.0,0.0,0.0,0.0,0.0
SJB293057004,장재리(태련암입구),36.48011,127.31254,0.0,0.0,0.0,0.0,0.0
SJB293064272,장재1리,36.4798017,127.3081126,0.0,0.0,0.0,0.0,0.0
SJB293060001,장재리,36.4787,127.30443,0.0,0.0,0.0,0.0,0.0
SJB293058007,"장영실고등학교,호탄리(안터)",36.47765,127.29841,0.0,0.0,0.0,0.0,0.0
SJB293058005,호탄리,36.47643,127.29645,0.0,0.0,0.0,0.0,0.0
SJB293058004,신촌리,36.47375,127.28835,0.0,0.0,0.0,0.0,0.0
SJB293058002,금남초등학교,36.47197,127.28629,0.0,0.0,0.0,0.0,0.0
SJB293011071,황용리,36.48109,127.3239,0.0,0.0,0.0,0.0,0.0
SJB293011073,황용교,36.48155,127.32545,0.0,0.0,0.0,0.0,0.0
SJB293011066,석교리마을회관,36.4866,127.3216,0.0,0.0,0.0,0.0,0.0
SJB293011068,새나루마을8단지,36.48908,127.32385,0.0,0.0,0.0,0.0,0.0
SJB293011070,새나루마을10단지,36.49373,127.32559,0.0,0.0,0.0,0.0,0.0
SJB293011076,산학연클러스터,36.4985,127.32806,0.0,0.0,0.0,0.0,0.0
SJB293011077,집현동,36.49956,127.33358,0.0,0.0,0.0,0.0,0.0
SJB293011091,부용1리,36.49752,127.34413,0.0,0.0,0.0,0.0,0.0
SJB293011105,부용2리,36.5125,127.35861,0.0,0.0,0.0,0.0,0.0
SJB293011106,부용2리,36.51229,127.35845,0.0,0.0,0.0,0.0,0.0
SJB293011093,부용1리,36.49779,127.34486,0.0,0.0,0.0,0.0,0.0
SJB293011079,집현동,36.4999553,127.3334594,0.0,0.0,0.0,0.0,0.0
SJB293011075,산학연클러스터,36.49863,127.32799,0.0,0.0,0.0,0.0,0.0
SJB293011069,새나루마을10단지,36.49376,127.32512,0.0,0.0,0.0,0.0,0.0
SJB293011067,새나루마을8단지,36.48918,127.32355,0.0,0.0,0.0,0.0,0.0
SJB293011064,석교리마을회관,36.48666,127.32141,0.0,0.0,0.0,0.0,0.0
SJB293011072,황용교,36.48164,127.32523,0.0,0.0,0.0,0.0,0.0
SJB293064275,황용리,36.4811891,127.3238721,0.0,0.0,0.0,0.0,0.0
SJB293011084,초정약수터,36.47949,127.33524,0.0,0.0,0.0,0.0,0.0
SJB293011090,대박리(광덕사),36.47818,127.34409,0.0,0.0,0.0,0.0,0.0
SJB293011098,대박리,36.47707,127.3494,0.0,0.0,0.0,0.0,0.0
SJB293064271,박산리(작약골),36.4770044,127.3519196,0.0,0.0,0.0,0.0,0.0
SJB293011104,박산리,36.47721,127.3546,0.0,0.0,0.0,0.0,0.0
SJB293011108,박산고개,36.47503,127.36245,0.0,0.0,0.0,0.0,0.0
SJB186004391,신동1통,36.47508,127.36701,0.0,0.0,0.0,0.0,0.0
SJB186004397,신동,36.47515,127.36999,0.0,0.0,0.0,0.0,0.0
SJB186004393,신동2통,36.47456,127.37276,0.0,0.0,0.0,0.0,0.0
SJB186004394,신동2통,36.47465,127.3728,0.0,0.0,0.0,0.0,0.0
SJB293064197,신동,36.4752476,127.3699229,0.0,0.0,0.0,0.0,0.0
SJB186004392,신동1통,36.47515,127.3671,0.0,0.0,0.0,0.0,0.0
SJB293011107,박산고개,36.47516,127.36239,0.0,0.0,0.0,0.0,0.0
SJB293011103,박산리,36.4773,127.35433,0.0,0.0,0.0,0.0,0.0
SJB293011102,박산리(작약골),36.47709,127.35183,0.0,0.0,0.0,0.0,0.0
SJB293011099,대박리,36.47716,127.34951,0.0,0.0,0.0,0.0,0.0
SJB293011092,대박리(광덕사),36.47829,127.34445,0.0,0.0,0.0,0.0,0.0
SJB293011087,초정약수터,36.47936,127.3358,0.0,0.0,0.0,0.0,0.0
SJB293064183,방축골,36.5945295,127.2773157,0.0,0.0,0.0,0.0,0.0
SJB293016099,월하1리마을회관,36.59373,127.27467,0.0,0.0,0.0,0.0,0.0
SJB293016095,연서면사무소,36.59204,127.2716,0.0,0.0,0.0,0.0,0.0
SJB293016089,성제1리마을회관,36.59196,127.26919,0.0,0.0,0.0,0.0,0.0
SJB293016084,성제삼거리,36.58922,127.26433,0.0,0.0,0.0,0.0,0.0
SJB293016080,성제2리,36.5914,127.26196,0.0,0.0,0.0,0.0,0.0
SJB293016078,고복1리,36.59669,127.26154,0.0,0.0,0.0,0.0,0.0
SJB293016070,고복1리마을회관,36.60462,127.25795,0.0,0.0,0.0,0.0,0.0
SJB293016054,고복리,36.607,127.25112,0.0,0.0,0.0,0.0,0.0
SJB293016050,고복저수지입구,36.60938,127.24855,0.0,0.0,0.0,0.0,0.0
SJB293016046,고복리조각공원,36.61279,127.24778,0.0,0.0,0.0,0.0,0.0
SJB293016040,고복2리,36.61349,127.24327,0.0,0.0,0.0,0.0,0.0
SJB293016036,조치원노인전문병원,36.61157,127.23862,0.0,0.0,0.0,0.0,0.0
SJB293016021,용암리입구,36.60881,127.23234,0.0,0.0,0.0,0.0,0.0
SJB293016018,고복저수지,36.60423,127.22974,0.0,0.0,0.0,0.0,0.0
SJB293064037,용암리,36.6015212,127.2276693,0.0,0.0,0.0,0.0,0.0
SJB293016015,용암삼거리,36.59958,127.2271,0.0,0.0,0.0,0.0,0.0
SJB293016011,쌍류리,36.59901,127.22186,0.0,0.0,0.0,0.0,0.0
SJB293064411,쌍류리(수디산),36.609737,127.217233,0.0,0.0,0.0,0.0,0.0
SJB293064200,생천경로당,36.6055624,127.2171389,0.0,0.0,0.0,0.0,0.0
SJB293064038,쌍류리입구,36.5966178,127.2183175,0.0,0.0,0.0,0.0,0.0
SJB293016005,쌍류보건진료소,36.59467,127.21372,0.0,0.0,0.0,0.0,0.0
SJB293016003,청라2리,36.5928335,127.2093887,0.0,0.0,0.0,0.0,0.0
SJB293016001,청라리,36.58827,127.19832,0.0,0.0,0.0,0.0,0.0
SJB293064326,청라리,36.5882205,127.1984708,0.0,0.0,0.0,0.0,0.0
SJB293016002,청라2리,36.5926304,127.2092889,0.0,0.0,0.0,0.0,0.0
SJB293016004,쌍류보건진료소,36.59453,127.21345,0.0,0.0,0.0,0.0,0.0
SJB293064039,쌍류리입구,36.5968888,127.2185402,0.0,0.0,0.0,0.0,0.0
SJB293016010,쌍류리,36.5989,127.22171,0.0,0.0,0.0,0.0,0.0
SJB293016016,용암삼거리,36.5995848,127.227268,0.0,0.0,0.0,0.0,0.0
SJB293064036,용암리,36.601508,127.2278203,0.0,0.0,0.0,0.0,0.0
SJB293016019,고복저수지,36.60408,127.2298,0.0,0.0,0.0,0.0,0.0
SJB293016023,용암리입구,36.60879,127.23249,0.0,0.0,0.0,0.0,0.0
SJB293016035,조치원노인전문병원,36.61154,127.23835,0.0,0.0,0.0,0.0,0.0
SJB293016039,고복2리,36.61318,127.24315,0.0,0.0,0.0,0.0,0.0
SJB293016045,고복리조각공원,36.61275,127.2476,0.0,0.0,0.0,0.0,0.0
SJB293016049,고복저수지입구,36.60976,127.24836,0.0,0.0,0.0,0.0,0.0
SJB293016053,고복리,36.60692,127.25073,0.0,0.0,0.0,0.0,0.0
SJB293016069,고복1리마을회관,36.60506,127.25748,0.0,0.0,0.0,0.0,0.0
SJB293016077,고복1리,36.59675,127.2614,0.0,0.0,0.0,0.0,0.0
SJB293016079,성제2리,36.59151,127.26172,0.0,0.0,0.0,0.0,0.0
SJB293016083,성제삼거리,36.58916,127.26419,0.0,0.0,0.0,0.0,0.0
SJB293016088,성제1리마을회관,36.59183,127.26913,0.0,0.0,0.0,0.0,0.0
SJB293016094,연서면사무소,36.59184,127.27115,0.0,0.0,0.0,0.0,0.0
SJB293016098,월하1리마을회관,36.59354,127.27439,0.0,0.0,0.0,0.0,0.0
SJB293016100,방축골,36.59433,127.27733,0.0,0.0,0.0,0.0,0.0
SJB293016122,세종장례식장입구,36.5703293,127.2875669,0.0,0.0,0.0,0.0,0.0
SJB293016111,세종장례식장,36.57148,127.28215,0.0,0.0,0.0,0.0,0.0
SJB293016103,국촌1리(함박산),36.5715,127.27887,0.0,0.0,0.0,0.0,0.0
SJB293016097,국촌1리,36.57319,127.27255,0.0,0.0,0.0,0.0,0.0
SJB293016086,국촌2리마을회관,36.57578,127.26507,0.0,0.0,0.0,0.0,0.0
SJB293016071,국촌2리,36.57727,127.25925,0.0,0.0,0.0,0.0,0.0
SJB293016066,연서감리교회,36.57767,127.25632,0.0,0.0,0.0,0.0,0.0
SJB293016056,신대1리,36.57817,127.25147,0.0,0.0,0.0,0.0,0.0
SJB293016042,기룡리(효교동),36.57669,127.24638,0.0,0.0,0.0,0.0,0.0
SJB293016038,영동부화장,36.57498,127.24087,0.0,0.0,0.0,0.0,0.0
SJB293016033,평전,36.57384,127.23765,0.0,0.0,0.0,0.0,0.0
SJB293016029,기룡리복지회관,36.57314,127.23419,0.0,0.0,0.0,0.0,0.0
SJB293016022,기룡정미소,36.5727,127.23243,0.0,0.0,0.0,0.0,0.0
SJB293016012,기룡리,36.57124,127.22424,0.0,0.0,0.0,0.0,0.0
SJB293016024,기룡리정미소,36.57266,127.23264,0.0,0.0,0.0,0.0,0.0
SJB293016030,기룡리복지회관,36.57304,127.23437,0.0,0.0,0.0,0.0,0.0
SJB293016034,평전,36.57382,127.23827,0.0,0.0,0.0,0.0,0.0
SJB293016037,영동부화장,36.57468,127.24063,0.0,0.0,0.0,0.0,0.0
SJB293016041,기룡리(효교동),36.57654,127.24621,0.0,0.0,0.0,0.0,0.0
SJB293016058,신대1리,36.57801,127.25158,0.0,0.0,0.0,0.0,0.0
SJB293016057,신대1리마을회관,36.5814876,127.2513956,0.0,0.0,0.0,0.0,0.0
SJB293016047,신대2리마을회관,36.58474,127.24801,0.0,0.0,0.0,0.0,0.0
SJB293064184,신대2리(의넘어),36.5891565,127.2395123,0.0,0.0,0.0,0.0,0.0
SJB293016028,신대2리(송적골),36.59011,127.2335,0.0,0.0,0.0,0.0,0.0
SJB293064185,신대2리(의넘어),36.589008,127.2396078,0.0,0.0,0.0,0.0,0.0
SJB293016048,신대2리마을회관,36.58454,127.24817,0.0,0.0,0.0,0.0,0.0
SJB293064186,신대1리마을회관,36.581362,127.2516833,0.0,0.0,0.0,0.0,0.0
SJB293016129,연서초등학교,36.58198663,127.2537284,0.0,0.0,0.0,0.0,0.0
SJB293016067,연서중학교,36.58099,127.25676,0.0,0.0,0.0,0.0,0.0
SJB293016076,서면,36.58628,127.26126,0.0,0.0,0.0,0.0,0.0
SJB293016082,서세종농협,36.58847,127.26396,0.0,0.0,0.0,0.0,0.0
SJB293064034,신흥사거리,36.5944686,127.2909665,0.0,0.0,0.0,0.0,0.0
SJB293064033,신흥사거리,36.5944736,127.2912907,0.0,0.0,0.0,0.0,0.0
SJB293016081,서세종농협,36.58857,127.26386,0.0,0.0,0.0,0.0,0.0
SJB293016075,서면,36.58632,127.26114,0.0,0.0,0.0,0.0,0.0
SJB293016068,연서중학교,36.58113,127.25696,0.0,0.0,0.0,0.0,0.0
SJB293016064,연서초등학교,36.58203,127.25394,0.0,0.0,0.0,0.0,0.0
SJB293016055,신대1리마을회관,36.58112,127.25147,0.0,0.0,0.0,0.0,0.0
SJB293016065,연서감리교회,36.57759,127.25602,324743.0,276272.0,34072.0,0.040781146387186135,601015.0
SJB293016072,국촌2리,36.57711,127.25936,0.0,0.0,0.0,0.0,0.0
SJB293016085,국촌2리마을회관,36.57566,127.26499,0.0,0.0,0.0,0.0,0.0
SJB293016096,국촌1리,36.57297,127.2725,0.0,0.0,0.0,0.0,0.0
SJB293016104,국촌1리(함박산),36.57137,127.27907,0.0,0.0,0.0,0.0,0.0
SJB293064193,세종장례식장,36.5713742,127.2821434,0.0,0.0,0.0,0.0,0.0
SJB293016120,세종장례식장입구,36.57023,127.28746,0.0,0.0,0.0,0.0,0.0
SJB293001007,방축골(갑부농원),36.60033,127.27599,0.0,0.0,0.0,0.0,0.0
SJB293001010,봉산1리,36.60486,127.27756,0.0,0.0,0.0,0.0,0.0
SJB293001011,봉산1리마을회관,36.60681,127.27801,0.0,0.0,0.0,0.0,0.0
SJB293001013,봉산리,36.6061,127.28081,0.0,0.0,0.0,0.0,0.0
SJB293001017,서창리,36.60512,127.28421,0.0,0.0,0.0,0.0,0.0
SJB293001023,세종여자고등학교,36.60638,127.28828,0.0,0.0,0.0,0.0,0.0
SJB293016114,농업기술센터,36.57213,127.28354,0.0,0.0,0.0,0.0,0.0
SJB293064044,쌍전리,36.5751655,127.2727272,0.0,0.0,0.0,0.0,0.0
SJB293016091,쌍전리(우리요양원),36.57809,127.26937,0.0,0.0,0.0,0.0,0.0
SJB293016087,전당골,36.58242,127.26832,0.0,0.0,0.0,0.0,0.0
SJB293016090,쌍전리(우리요양원),36.57806,127.26923,0.0,0.0,0.0,0.0,0.0
SJB293064333,쌍전리,36.5750779,127.2726146,0.0,0.0,0.0,0.0,0.0
SJB293016105,쌍전리마을회관,36.57776,127.27925,0.0,0.0,0.0,0.0,0.0
SJB293064187,쌍전리(창현),36.5800984,127.2808446,0.0,0.0,0.0,0.0,0.0
SJB293016115,월하2리,36.58373,127.28447,0.0,0.0,0.0,0.0,0.0
SJB293016118,도원초등학교,36.58576,127.28655,0.0,0.0,0.0,0.0,0.0
SJB293001046,자이아파트정문,36.58832,127.29073,0.0,0.0,0.0,0.0,0.0
SJB293001081,신동아아파트,36.59199,127.29667,0.0,0.0,0.0,0.0,0.0
SJB293064040,봉암3리,36.5561346,127.2726712,0.0,0.0,0.0,0.0,0.0
SJB293016093,부동리마을회관,36.559699,127.2697497,0.0,0.0,0.0,0.0,0.0
SJB293016074,와촌1리(대실),36.55887,127.26078,0.0,0.0,0.0,0.0,0.0
SJB293016063,번암터,36.56317,127.25387,0.0,0.0,0.0,0.0,0.0
SJB293016061,세종기숙학원,36.55689,127.252,0.0,0.0,0.0,0.0,0.0
SJB293016052,와촌리(기와말),36.55695,127.24885,0.0,0.0,0.0,0.0,0.0
SJB293016043,와촌보건진료소,36.55668,127.24644,0.0,0.0,0.0,0.0,0.0
SJB293016032,대륙테크놀로지,36.55656,127.2375,0.0,0.0,0.0,0.0,0.0
SJB293016025,효방동,36.55671,127.23311,0.0,0.0,0.0,0.0,0.0
SJB293064316,금박골,36.556931,127.22984,0.0,0.0,0.0,0.0,0.0
SJB293016014,와촌3리(은암),36.55608,127.22474,0.0,0.0,0.0,0.0,0.0
SJB293064334,용암2리입구,36.5523608,127.2154937,0.0,0.0,0.0,0.0,0.0
SJB293064328,용암2리,36.5599682,127.2126743,0.0,0.0,0.0,0.0,0.0
SJB293017047,용암2리마을회관,36.56224,127.21266,0.0,0.0,0.0,0.0,0.0
SJB293064327,용암2리,36.5599723,127.2125067,0.0,0.0,0.0,0.0,0.0
SJB293017050,용암2리입구,36.5519867,127.2154951,0.0,0.0,0.0,0.0,0.0
SJB293017031,용암1리마을회관,36.54893,127.20846,0.0,0.0,0.0,0.0,0.0
SJB293017025,평촌입구,36.54709,127.20582,0.0,0.0,0.0,0.0,0.0
SJB293017021,용현리,36.54304,127.20454,0.0,0.0,0.0,0.0,0.0
SJB293017071,용현리(효도마을),36.5403123,127.2022621,0.0,0.0,0.0,0.0,0.0
SJB293017005,송학2리(하나로마트),36.53804,127.19126,0.0,0.0,0.0,0.0,0.0
SJB293064176,평기리,36.5230746,127.1990689,0.0,0.0,0.0,0.0,0.0
SJB293017010,송문리입구,36.51462,127.19736,0.0,0.0,0.0,0.0,0.0
SJB293017066,송문리,36.51766839,127.1936835,0.0,0.0,0.0,0.0,0.0
SJB293017067,송문리(원송정),36.513646,127.190932,0.0,0.0,0.0,0.0,0.0
SJB293017011,평기리마을회관,36.51018,127.19748,0.0,0.0,0.0,0.0,0.0
SJB293017016,평기리(아랫말),36.50652,127.19951,0.0,0.0,0.0,0.0,0.0
SJB293017027,대교1리(밤실입구),36.50224,127.20701,0.0,0.0,0.0,0.0,0.0
SJB293017028,대교1리(밤실입구),36.50234,127.20716,459863.0,295922.0,34038.0,0.5303252957585509,755785.0
SJB293017017,평기리(아랫말),36.50672,127.19963,0.0,0.0,0.0,0.0,0.0
SJB293017014,평기리마을회관,36.51012,127.19785,0.0,0.0,0.0,0.0,0.0
SJB293017068,송문리(원송정),36.513728,127.190959,0.0,0.0,0.0,0.0,0.0
SJB293017065,송문리,36.51757353,127.1937051,0.0,0.0,0.0,0.0,0.0
SJB293017013,송문리입구,36.5148,127.19775,0.0,0.0,0.0,0.0,0.0
SJB293064175,평기리,36.5230569,127.1992142,0.0,0.0,0.0,0.0,0.0
SJB293017004,송학2리(하나로마트),36.53849,127.19066,0.0,0.0,0.0,0.0,0.0
SJB293017070,용현리(효도마을),36.54025333,127.202295,0.0,0.0,0.0,0.0,0.0
SJB293017022,용현리,36.54313,127.20479,0.0,0.0,0.0,0.0,0.0
SJB293017026,평촌입구,36.54716,127.20595,0.0,0.0,0.0,0.0,0.0
SJB293017033,용암1리마을회관,36.54878,127.20851,0.0,0.0,0.0,0.0,0.0
SJB293017052,용암2리입구,36.5522218,127.2158015,0.0,0.0,0.0,0.0,0.0
SJB293016013,와촌3리(은암),36.55599,127.22458,0.0,0.0,0.0,0.0,0.0
SJB293016020,금박골,36.55686,127.22988,0.0,0.0,0.0,0.0,0.0
SJB293016026,효방동,36.55658,127.2332,0.0,0.0,0.0,0.0,0.0
SJB293016031,대륙테크놀로지,36.55642,127.23748,0.0,0.0,0.0,0.0,0.0
SJB293016044,와촌보건진료소,36.55657,127.24644,0.0,0.0,0.0,0.0,0.0
SJB293016051,와촌리(기와말),36.55682,127.2488,0.0,0.0,0.0,0.0,0.0
SJB293064074,세종기숙학원,36.5568692,127.2522366,0.0,0.0,0.0,0.0,0.0
SJB293016073,와촌1리(대실),36.55868,127.26061,0.0,0.0,0.0,0.0,0.0
SJB293016092,부동리마을회관,36.5596356,127.2696102,0.0,0.0,0.0,0.0,0.0
SJB293064041,봉암3리,36.5557656,127.2729852,0.0,0.0,0.0,0.0,0.0
SJB293064274,번암리,36.588329,127.2986104,0.0,0.0,0.0,0.0,0.0
SJB293064084,세종세무서,36.6059319,127.2939937,0.0,0.0,0.0,0.0,0.0
SJB293001072,조치원역뒤편,36.599727,127.2951059,0.0,0.0,0.0,0.0,0.0
SJB293064146,대동초등학교,36.5955999,127.2935516,0.0,0.0,0.0,0.0,0.0
SJB293064189,성제삼거리,36.5888707,127.2646493,0.0,0.0,0.0,0.0,0.0
SJB293064188,삼일아파트,36.5950425,127.2970189,0.0,0.0,0.0,0.0,0.0
SJB293019066,전의역,36.67953,127.2036,0.0,0.0,0.0,0.0,0.0
SJB293019058,전의중학교,36.68047,127.19682,0.0,0.0,0.0,0.0,0.0
SJB293019054,한국콜마,36.68079,127.19353,0.0,0.0,0.0,0.0,0.0
SJB293019063,원성리(죽근마을),36.67609,127.19916,0.0,0.0,0.0,0.0,0.0
SJB293019074,신방2리마을회관,36.676,127.20598,0.0,0.0,0.0,0.0,0.0
SJB293018001,베어트리파크,36.67207,127.21071,0.0,0.0,0.0,0.0,0.0
SJB293018007,송성2리입구,36.66242,127.21428,0.0,0.0,0.0,0.0,0.0
SJB293018006,흥진레미콘,36.65265,127.21388,0.0,0.0,0.0,0.0,0.0
SJB293018004,송성1리입구,36.6495494,127.2134708,0.0,0.0,0.0,0.0,0.0
SJB293018012,송성3리(솔티),36.63605,127.2174,0.0,0.0,0.0,0.0,0.0
SJB293018009,송성1리,36.645085,127.217546,0.0,0.0,0.0,0.0,0.0
SJB293018005,송성1리입구,36.6496282,127.2136204,0.0,0.0,0.0,0.0,0.0
SJB293018003,흥진레미콘,36.65236,127.21365,0.0,0.0,0.0,0.0,0.0
SJB293018008,송성2리입구,36.66261,127.21437,0.0,0.0,0.0,0.0,0.0
SJB293018002,베어트리파크,36.67203,127.21089,0.0,0.0,0.0,0.0,0.0
SJB293019075,신방2리마을회관,36.67611,127.2063,0.0,0.0,0.0,0.0,0.0
SJB293019064,원성리(죽근마을),36.67622,127.19936,0.0,0.0,0.0,0.0,0.0
SJB293019053,한국콜마,36.68087,127.19338,0.0,0.0,0.0,0.0,0.0
SJB293019059,전의중학교,36.68024,127.19736,0.0,0.0,0.0,0.0,0.0
SJB293019065,전의역,36.67939,127.20358,0.0,0.0,0.0,0.0,0.0
SJB293019056,원성2리,36.67112,127.19515,0.0,0.0,0.0,0.0,0.0
SJB293064320,신흥리(사사),36.669438,127.194232,0.0,0.0,0.0,0.0,0.0
SJB293019045,신흥리,36.66348,127.19092,0.0,0.0,0.0,0.0,0.0
SJB293019036,영당리(영성들),36.66042,127.18919,0.0,0.0,0.0,0.0,0.0
SJB293019032,대전카톨릭대입구,36.65524,127.18733,0.0,0.0,0.0,0.0,0.0
SJB293019028,신방1리(신암골),36.65099,127.18462,0.0,0.0,0.0,0.0,0.0
SJB293019020,양곡리,36.64323,127.17697,0.0,0.0,0.0,0.0,0.0
SJB293019018,세종미래산업단지,36.63987,127.17637,0.0,0.0,0.0,0.0,0.0
SJB293064076,달전리,36.6336684,127.1754206,0.0,0.0,0.0,0.0,0.0
SJB293019009,달전1리,36.63113,127.17432,0.0,0.0,0.0,0.0,0.0
SJB293019013,달전2리입구,36.62677,127.17521,0.0,0.0,0.0,0.0,0.0
SJB293019043,부거실(아랫마을),36.62586,127.19001,0.0,0.0,0.0,0.0,0.0
SJB293019060,부거실(윗마을),36.62444,127.19807,0.0,0.0,0.0,0.0,0.0
SJB293019044,부거실(아랫마을),36.62598,127.19015,0.0,0.0,0.0,0.0,0.0
SJB293019024,달전리(태호농장),36.61601,127.17733,0.0,0.0,0.0,0.0,0.0
SJB293019008,금사리,36.60976,127.17305,0.0,0.0,0.0,0.0,0.0
SJB293019030,비암사입구,36.60406,127.1863,0.0,0.0,0.0,0.0,0.0
SJB293064317,다방1리마을회관,36.6031132,127.189307,0.0,0.0,0.0,0.0,0.0
SJB293019040,다방1리마을회관,36.60319,127.18944,0.0,0.0,0.0,0.0,0.0
SJB293019031,비암사입구,36.60409,127.18662,0.0,0.0,0.0,0.0,0.0
SJB293019010,다방2리마을회관,36.59749,127.17442,0.0,0.0,0.0,0.0,0.0
SJB293019007,금사리,36.60927,127.17268,0.0,0.0,0.0,0.0,0.0
SJB293019025,달전리(태호농장),36.61607,127.17748,0.0,0.0,0.0,0.0,0.0
SJB293019015,달전2리입구,36.62685,127.17534,0.0,0.0,0.0,0.0,0.0
SJB293019012,달전2리입구,36.62698,127.17504,0.0,0.0,0.0,0.0,0.0
SJB293019011,달전1리,36.63112,127.1745,0.0,0.0,0.0,0.0,0.0
SJB293064075,달전리,36.633804,127.1755319,0.0,0.0,0.0,0.0,0.0
SJB293019019,세종미래산업단지,36.63972,127.17649,0.0,0.0,0.0,0.0,0.0
SJB293019021,양곡리,36.64316,127.1771,0.0,0.0,0.0,0.0,0.0
SJB293019029,신방1리(신암골),36.651,127.18479,0.0,0.0,0.0,0.0,0.0
SJB293019033,대전카톨릭대입구,36.65494,127.18734,0.0,0.0,0.0,0.0,0.0
SJB293019039,영당리(영성들),36.66047,127.18938,0.0,0.0,0.0,0.0,0.0
SJB293019046,신흥리,36.66359,127.19113,0.0,0.0,0.0,0.0,0.0
SJB293019055,신흥리(사사),36.66931,127.19429,258901.0,181858.0,24968.0,0.15207230316844444,440759.0
SJB293019057,원성2리,36.67103,127.19527,0.0,0.0,0.0,0.0,0.0
SJB293019070,성호아파트,36.68196,127.20455,0.0,0.0,0.0,0.0,0.0
SJB293019072,갈정교,36.68899,127.2053,0.0,0.0,0.0,0.0,0.0
SJB293019062,관정1리,36.69905,127.19826,0.0,0.0,0.0,0.0,0.0
SJB293013027,고등1리마을회관,36.71551,127.19521,0.0,0.0,0.0,0.0,0.0
SJB293064329,세종첨단산업단지,36.7191773,127.1955466,0.0,0.0,0.0,0.0,0.0
SJB293064330,대교에이스,36.7177679,127.2003627,0.0,0.0,0.0,0.0,0.0
SJB293013026,고등1리마을회관,36.71543,127.19507,0.0,0.0,0.0,0.0,0.0
SJB293013025,고등2리,36.70594,127.18845,0.0,0.0,0.0,0.0,0.0
SJB293019051,전의산연수원,36.70287,127.19218,0.0,0.0,0.0,0.0,0.0
SJB293019041,서정2리,36.69941,127.18976,0.0,0.0,0.0,0.0,0.0
SJB293019034,서정2리마을회관,36.69661,127.18893,0.0,0.0,0.0,0.0,0.0
SJB293019048,서정1리마을회관,36.68798,127.19183,0.0,0.0,0.0,0.0,0.0
SJB293019050,서정1리마을회관,36.68799,127.19201,0.0,0.0,0.0,0.0,0.0
SJB293019035,서정2리마을회관,36.69659,127.18911,0.0,0.0,0.0,0.0,0.0
SJB293019042,서정2리,36.69944,127.1899,0.0,0.0,0.0,0.0,0.0
SJB293019052,전의산연수원,36.70279,127.19239,0.0,0.0,0.0,0.0,0.0
SJB293064395,고등2리,36.7060526,127.1885841,0.0,0.0,0.0,0.0,0.0
SJB293019061,관정1리,36.69898,127.19813,0.0,0.0,0.0,0.0,0.0
SJB293019071,갈정교,36.68911,127.20517,0.0,0.0,0.0,0.0,0.0
SJB293019069,성호아파트,36.68191,127.20441,0.0,0.0,0.0,0.0,0.0
SJB293019073,대추리,36.6932,127.2057,0.0,0.0,0.0,0.0,0.0
SJB293019078,사관정,36.69888,127.21024,0.0,0.0,0.0,0.0,0.0
SJB293064497,전의산업단지교차로,36.70158,127.21039,0.0,0.0,0.0,0.0,0.0
SJB293019082,중대부,36.70488,127.21246,0.0,0.0,0.0,0.0,0.0
SJB293019080,상대부(쌍태울),36.71258,127.21146,0.0,0.0,0.0,0.0,0.0
SJB293019081,중대부,36.70502,127.21236,0.0,0.0,0.0,0.0,0.0
SJB293019079,전의산업단지,36.70105,127.21057,0.0,0.0,0.0,0.0,0.0
SJB293019087,달계리,36.69794,127.22103,0.0,0.0,0.0,0.0,0.0
SJB293019089,하노곡,36.70131,127.22721,0.0,0.0,0.0,0.0,0.0
SJB293019091,노곡리종점,36.70046,127.23454,0.0,0.0,0.0,0.0,0.0
SJB293019092,노곡리,36.70061,127.23461,0.0,0.0,0.0,0.0,0.0
SJB293019090,하노곡,36.7014451,127.2271649,0.0,0.0,0.0,0.0,0.0
SJB293019088,종성골,36.69603,127.22178,0.0,0.0,0.0,0.0,0.0
SJB293019086,신정2리,36.69472,127.21988,0.0,0.0,0.0,0.0,0.0
SJB293019083,신정1리,36.69158,127.21464,0.0,0.0,0.0,0.0,0.0
SJB293064338,신정1리,36.6915871,127.2147544,0.0,0.0,0.0,0.0,0.0
SJB293064339,신정2리,36.6946059,127.219943,0.0,0.0,0.0,0.0,0.0
SJB293064340,종성골,36.6959446,127.2218636,0.0,0.0,0.0,0.0,0.0
SJB293064341,(주)레이크엘이디앞,36.6980972,127.2210106,0.0,0.0,0.0,0.0,0.0
SJB293064342,전의산업단지,36.7012593,127.2106772,0.0,0.0,0.0,0.0,0.0
SJB293019095,사관정,36.69893829,127.2101017,0.0,0.0,0.0,0.0,0.0
SJB293019094,대추리,36.69343329,127.2057917,0.0,0.0,0.0,0.0,0.0
SJB293019047,덕고개,36.68046,127.19186,0.0,0.0,0.0,0.0,0.0
SJB293019027,민석아파트입구,36.68099,127.18197,0.0,0.0,0.0,0.0,0.0
SJB293019022,유천2리,36.68292,127.17727,0.0,0.0,0.0,0.0,0.0
SJB293019006,유천리,36.68628,127.16919,0.0,0.0,0.0,0.0,0.0
SJB293019003,유천리(어천),36.68803,127.16612,0.0,0.0,0.0,0.0,0.0
SJB293064332,행정리,36.6887542,127.1574677,0.0,0.0,0.0,0.0,0.0
SJB293013006,운당1리,36.69865,127.15205,0.0,0.0,0.0,0.0,0.0
SJB293013003,운당2리,36.7058276,127.1497944,0.0,0.0,0.0,0.0,0.0
SJB293064406,운당교차로,36.705806,127.148932,0.0,0.0,0.0,0.0,0.0
SJB293064407,동산산업,36.710519,127.147184,0.0,0.0,0.0,0.0,0.0
SJB293013002,운당2리,36.7057756,127.1489661,0.0,0.0,0.0,0.0,0.0
SJB293019001,KCC앞,36.70852,127.15296,0.0,0.0,0.0,0.0,0.0
SJB293013009,소정리입구,36.71191,127.15392,0.0,0.0,0.0,0.0,0.0
SJB293013012,소정면우체국,36.7143,127.15486,47128.0,28254.0,568.0,1.0378031203569063,75382.0
SJB293013014,소정리역,36.71885,127.1567,0.0,0.0,0.0,0.0,0.0
SJB293013016,소정면사무소,36.72149,127.15766,0.0,0.0,0.0,0.0,0.0
SJB293064387,소정리,36.7245035,127.1581344,0.0,0.0,0.0,0.0,0.0
SJB293013020,대곡4리,36.72556,127.15982,0.0,0.0,0.0,0.0,0.0
SJB293013021,소정육교(맹골),36.72646,127.16173,0.0,0.0,0.0,0.0,0.0
SJB293013023,소정육교,36.72718,127.16312,0.0,0.0,0.0,0.0,0.0
SJB293013024,대곡리,36.7296,127.16673,0.0,0.0,0.0,0.0,0.0
SJB293013022,소정육교(맹골),36.7271,127.16202,0.0,0.0,0.0,0.0,0.0
SJB293013019,대곡1리,36.72607,127.15941,0.0,0.0,0.0,0.0,0.0
SJB293013018,소정리,36.72478,127.15813,0.0,0.0,0.0,0.0,0.0
SJB293013015,소정면사무소,36.72173,127.15762,0.0,0.0,0.0,0.0,0.0
SJB293013013,소정리역,36.71895,127.1566,0.0,0.0,0.0,0.0,0.0
SJB293013011,소정면우체국,36.71422,127.15471,0.0,0.0,0.0,0.0,0.0
SJB293013017,소정리입구,36.712119,127.153895,0.0,0.0,0.0,0.0,0.0
SJB293013008,KCC앞,36.70867,127.15287,0.0,0.0,0.0,0.0,0.0
SJB293064405,동산산업,36.710329,127.147243,0.0,0.0,0.0,0.0,0.0
SJB293013007,운당1리,36.6979,127.15261,0.0,0.0,0.0,0.0,0.0
SJB293064331,행정리,36.6885967,127.1575524,0.0,0.0,0.0,0.0,0.0
SJB293019004,유천리(어천),36.6879,127.16612,0.0,0.0,0.0,0.0,0.0
SJB293019005,유천리,36.6862,127.16905,0.0,0.0,0.0,0.0,0.0
SJB293019023,유천2리,36.68278,127.17728,0.0,0.0,0.0,0.0,0.0
SJB293019026,민석아파트입구,36.6811,127.18134,0.0,0.0,0.0,0.0,0.0
SJB293019049,덕고개,36.6803,127.19145,0.0,0.0,0.0,0.0,0.0
SJB293064323,용암리(금단마을),36.5944763,127.2278058,0.0,0.0,0.0,0.0,0.0
SJB293064324,고복저수지,36.5977479,127.2274533,0.0,0.0,0.0,0.0,0.0
SJB293064322,쌍류리(월정마을),36.5952411,127.2174952,0.0,0.0,0.0,0.0,0.0
SJB293064318,쌍류초등학교,36.597535,127.208638,0.0,0.0,0.0,0.0,0.0
SJB293019076,재동아파트,36.6794,127.2066,0.0,0.0,0.0,0.0,0.0
SJB293019077,재동아파트,36.67954,127.20667,0.0,0.0,0.0,0.0,0.0
SJB293064319,쌍류초등학교,36.5976715,127.208475,0.0,0.0,0.0,0.0,0.0
SJB293064321,쌍류리(월정마을),36.5952236,127.2177077,0.0,0.0,0.0,0.0,0.0
SJB293064325,고복저수지,36.5977251,127.2273249,0.0,0.0,0.0,0.0,0.0
SJB293016017,용암리(금단마을),36.5944128,127.227644,0.0,0.0,0.0,0.0,0.0
SJB293016027,신대2리(송적골),36.59008,127.2332,0.0,0.0,0.0,0.0,0.0
SJB293018083,심중2리입구,36.65736,127.2811,0.0,0.0,0.0,0.0,0.0
SJB293018086,심중2리,36.66531,127.29224,0.0,0.0,0.0,0.0,0.0
SJB293018087,심중리시민스포츠센터,36.6704,127.29874,0.0,0.0,0.0,0.0,0.0
SJB293018085,심중2리,36.66544,127.29221,0.0,0.0,0.0,0.0,0.0
SJB293018084,심중2리입구,36.6575,127.28108,0.0,0.0,0.0,0.0,0.0
SJB293064404,깊은내길,36.646477,127.268761,0.0,0.0,0.0,0.0,0.0
SJB293018044,보덕2리마을회관,36.64401,127.25738,0.0,0.0,0.0,0.0,0.0
SJB293018041,석곡리,36.6591135,127.2569277,0.0,0.0,0.0,0.0,0.0
SJB293018023,청람1리마을회관,36.65495,127.23318,0.0,0.0,0.0,0.0,0.0
SJB293018021,청람리,36.65165,127.23274,0.0,0.0,0.0,0.0,0.0
SJB293018017,청람리(동막골),36.64433,127.23168,0.0,0.0,0.0,0.0,0.0
SJB293064337,청람리(동막골),36.6443571,127.2318088,0.0,0.0,0.0,0.0,0.0
SJB293018022,청람리,36.65163,127.23286,0.0,0.0,0.0,0.0,0.0
SJB293018024,청람1리마을회관,36.65476,127.23347,0.0,0.0,0.0,0.0,0.0
SJB293018039,석곡리,36.6587466,127.2560505,160918.0,131491.0,5934.0,0.8569260712329221,292409.0
SJB293064408,깊은내길,36.646415,127.268755,0.0,0.0,0.0,0.0,0.0
SJB293001005,봉산리(중뜸),36.60959,127.27518,0.0,0.0,0.0,0.0,0.0
SJB293001004,봉산리(윗말),36.61174,127.27389,0.0,0.0,0.0,0.0,0.0
SJB293001002,봉산리(국제기계),36.61812,127.27049,0.0,0.0,0.0,0.0,0.0
SJB293018064,송곡1리(예비군훈련장),36.62545,127.26847,0.0,0.0,0.0,0.0,0.0
SJB293018066,송곡보건진료소,36.63079,127.26911,0.0,0.0,0.0,0.0,0.0
SJB293018058,송곡1리,36.63073,127.26613,0.0,0.0,0.0,0.0,0.0
SJB293018048,송곡2리,36.63014,127.26023,0.0,0.0,0.0,0.0,0.0
SJB293018042,송곡2리(능골),36.62967,127.25687,0.0,0.0,0.0,0.0,0.0
SJB293018036,송정1리(권고조경),36.62871,127.25064,0.0,0.0,0.0,0.0,0.0
SJB293018034,송정1리,36.62792,127.24628,0.0,0.0,0.0,0.0,0.0
SJB293018030,송정1리(상소골),36.62752,127.24412,0.0,0.0,0.0,0.0,0.0
SJB293018028,송정리(행골),36.62748,127.24134,0.0,0.0,0.0,0.0,0.0
SJB293018026,송정2리(구리골),36.62618,127.23619,0.0,0.0,0.0,0.0,0.0
SJB293064336,송정리,36.6252011,127.2325295,0.0,0.0,0.0,0.0,0.0
SJB293018020,송정리,36.62505,127.2325,0.0,0.0,0.0,0.0,0.0
SJB293018025,송정2리(구리골),36.62602,127.23617,0.0,0.0,0.0,0.0,0.0
SJB293018027,송정리(행골),36.6274,127.24115,0.0,0.0,0.0,0.0,0.0
SJB293018029,송정1리(상소골),36.62739,127.24411,0.0,0.0,0.0,0.0,0.0
SJB293018033,송정1리,36.6278,127.24617,0.0,0.0,0.0,0.0,0.0
SJB293018035,송정1리(권고조경),36.62849,127.25058,0.0,0.0,0.0,0.0,0.0
SJB293018040,송곡2리(능골),36.62956,127.25671,0.0,0.0,0.0,0.0,0.0
SJB293018049,송곡2리,36.63007,127.26045,0.0,0.0,0.0,0.0,0.0
SJB293018057,송곡1리,36.6306,127.26601,0.0,0.0,0.0,0.0,0.0
SJB293018065,송곡보건진료소,36.63065,127.26908,0.0,0.0,0.0,0.0,0.0
SJB293018063,송곡1리(예비군훈련장),36.62553,127.26835,0.0,0.0,0.0,0.0,0.0
SJB293001001,봉산리(국제기계),36.61816,127.27034,0.0,0.0,0.0,0.0,0.0
SJB293001003,봉산리(윗말),36.61172,127.27374,0.0,0.0,0.0,0.0,0.0
SJB293001006,봉산리(중뜸),36.60936,127.27516,0.0,0.0,0.0,0.0,0.0
SJB293001016,한마음효요양병원,36.63387,127.28325,0.0,0.0,0.0,0.0,0.0
SJB293018079,보덕1리,36.6326,127.27317,0.0,0.0,0.0,0.0,0.0
SJB293018080,보덕1리,36.63252,127.2733,0.0,0.0,0.0,0.0,0.0
SJB293001015,한마음효요양병원,36.63375,127.28309,0.0,0.0,0.0,0.0,0.0
SJB293018061,전동삼거리,36.65356,127.26695,0.0,0.0,0.0,0.0,0.0
SJB293018056,전동역,36.65419,127.26593,0.0,0.0,0.0,0.0,0.0
SJB293018052,전동초등학교,36.65549,127.26387,0.0,0.0,0.0,0.0,0.0
SJB293018047,석곡리입구,36.65926,127.25977,0.0,0.0,0.0,0.0,0.0
SJB293018045,청송리,36.66181,127.25736,0.0,0.0,0.0,0.0,0.0
SJB293018038,청송산업단지입구,36.66366,127.25556,0.0,0.0,0.0,0.0,0.0
SJB293018031,아람달동림권역체험관,36.6656,127.24464,0.0,0.0,0.0,0.0,0.0
SJB293018018,청람리입구,36.66142,127.23228,0.0,0.0,0.0,0.0,0.0
SJB293018015,개미고개,36.65799,127.22055,0.0,0.0,0.0,0.0,0.0
SJB293018016,개미고개,36.65797,127.22078,0.0,0.0,0.0,0.0,0.0
SJB293018019,청람리입구,36.6615,127.23251,0.0,0.0,0.0,0.0,0.0
SJB293064510,전동면사무소,36.6625624,127.2340451,0.0,0.0,0.0,0.0,0.0
SJB293018032,아람달동림권역체험관,36.66548,127.2448,0.0,0.0,0.0,0.0,0.0
SJB293018037,청송산업단지입구,36.6638,127.25523,0.0,0.0,0.0,0.0,0.0
SJB293018043,청송리,36.66176,127.25721,0.0,0.0,0.0,0.0,0.0
SJB293018046,석곡리입구,36.65908,127.25977,0.0,0.0,0.0,0.0,0.0
SJB293018053,전동초등학교,36.65526,127.26404,0.0,0.0,0.0,0.0,0.0
SJB293018059,전동삼거리,36.65346,127.26687,0.0,0.0,0.0,0.0,0.0
SJB293011100,망골,36.45954,127.35183,0.0,0.0,0.0,0.0,0.0
SJB186004209,둔곡동새마을회관,36.45706,127.36208,0.0,0.0,0.0,0.0,0.0
SJB186004207,둔곡동,36.45382,127.36172,0.0,0.0,0.0,0.0,0.0
SJB186004063,구룡2통보건소,36.45072,127.36265,0.0,0.0,0.0,0.0,0.0
SJB186004066,구룡2통,36.44708,127.36545,0.0,0.0,0.0,0.0,0.0
SJB186004061,구룡,36.44605,127.36842,0.0,0.0,0.0,0.0,0.0
SJB186004310,구즉초등학교,36.43997,127.38196,0.0,0.0,0.0,0.0,0.0
SJB186004307,구즉동주민센터입구,36.44109,127.3857,0.0,0.0,0.0,0.0,0.0
SJB186004313,송강마을아파트,36.4376,127.38602,0.0,0.0,0.0,0.0,0.0
SJB186004062,구룡,36.44612,127.36868,0.0,0.0,0.0,0.0,0.0
SJB186004065,구룡2통,36.44728,127.36536,0.0,0.0,0.0,0.0,0.0
SJB186004064,구룡2통보건소,36.45082,127.36266,0.0,0.0,0.0,0.0,0.0
SJB186004208,둔곡동,36.45383,127.36183,0.0,0.0,0.0,0.0,0.0
SJB186004210,둔곡동새마을회관,36.45722,127.36216,0.0,0.0,0.0,0.0,0.0
SJB293011101,망골,36.45971,127.35184,0.0,0.0,0.0,0.0,0.0
SJB186004136,대동금탄동입구,36.47203,127.38796,0.0,0.0,0.0,0.0,0.0
SJB186004132,금고동,36.4667,127.39038,0.0,0.0,0.0,0.0,0.0
SJB186004128,금고1통,36.46376,127.39037,0.0,0.0,0.0,0.0,0.0
SJB186004134,금고동매립장,36.46046,127.38863,0.0,0.0,0.0,0.0,0.0
SJB186004130,금고2통,36.45899,127.38511,0.0,0.0,0.0,0.0,0.0
SJB186004319,협진운수,36.44546,127.38392,0.0,0.0,0.0,0.0,0.0
SJB186004308,구즉동주민센터입구,36.44107,127.386,0.0,0.0,0.0,0.0,0.0
SJB186004320,협진운수,36.44489,127.38408,0.0,0.0,0.0,0.0,0.0
SJB186004131,금고2통,36.4589,127.38522,0.0,0.0,0.0,0.0,0.0
SJB186004135,금고동매립장,36.46052,127.38882,0.0,0.0,0.0,0.0,0.0
SJB186004129,금고1통,36.46384,127.39047,0.0,0.0,0.0,0.0,0.0
SJB186004133,금고동,36.46679,127.39056,0.0,0.0,0.0,0.0,0.0
SJB186004137,대동금탄동입구,36.47211,127.38797,0.0,0.0,0.0,0.0,0.0
